Datetime,st,s_upt,st_dt,atr
2024-11-10 00:02:00+00:00,76754.01897321429,,76754.01897321429,30.18861607142857
2024-11-10 00:05:00+00:00,76728.91635196375,,76728.91635196375,49.42003398791541
2024-11-10 00:06:00+00:00,76728.91635196375,,76728.91635196375,43.67128582202112
2024-11-10 00:07:00+00:00,76728.91635196375,,76728.91635196375,42.86392204366022
2024-11-10 00:10:00+00:00,76728.91635196375,,76728.91635196375,38.141997309269776
2024-11-10 00:11:00+00:00,76728.91635196375,,76728.91635196375,33.12331123261086
2024-11-10 00:12:00+00:00,76728.91635196375,,76728.91635196375,31.359654947308485
2024-11-10 00:13:00+00:00,76728.91635196375,,76728.91635196375,27.25537983264077
2024-11-10 00:14:00+00:00,76728.91635196375,,76728.91635196375,27.002605929325497
2024-11-10 00:16:00+00:00,76656.55909196788,76656.55909196788,,30.748531844039796
2024-11-10 00:17:00+00:00,76667.31319219117,76667.31319219117,,26.794040102941022
2024-11-10 00:18:00+00:00,76679.82893358667,76679.82893358667,,23.827855471109757
2024-11-10 00:20:00+00:00,76685.79222313313,76685.79222313313,,21.144779788956615
2024-11-10 00:22:00+00:00,76748.29708239652,,76748.29708239652,29.19798579884056
2024-11-10 00:24:00+00:00,76643.0133988728,76643.0133988728,,36.45907537573255
2024-11-10 00:25:00+00:00,76661.12757379258,76661.12757379258,,33.309037902473214
2024-11-10 00:26:00+00:00,76703.58525185428,76703.58525185428,,34.82835354857336
2024-11-10 00:28:00+00:00,76777.84555727418,76777.84555727418,,41.186897575272695
2024-11-10 00:29:00+00:00,76777.84555727418,76777.84555727418,,39.91893186291673
2024-11-10 00:30:00+00:00,76777.84555727418,76777.84555727418,,40.09251357064772
2024-11-10 00:33:00+00:00,76895.32181299939,,76895.32181299939,42.40675016646345
2024-11-10 00:35:00+00:00,76885.35544863618,,76885.35544863618,38.305982878729765
2024-11-10 00:36:00+00:00,76838.01821513397,,76838.01821513397,39.61805087798892
2024-11-10 00:37:00+00:00,76826.7445493271,,76826.7445493271,35.69870394236423
2024-11-10 00:38:00+00:00,76826.7445493271,,76826.7445493271,34.933168732777986
2024-11-10 00:40:00+00:00,76826.7445493271,,76826.7445493271,39.005558589100154
2024-11-10 00:41:00+00:00,76826.7445493271,,76826.7445493271,36.79265419648728
2024-11-10 00:42:00+00:00,76826.7445493271,,76826.7445493271,33.95658321376491
2024-11-10 00:46:00+00:00,76806.92217756019,76806.92217756019,,42.05458664660477
2024-11-10 00:48:00+00:00,76857.58544450042,76857.58544450042,,43.213705999857325
2024-11-10 00:50:00+00:00,76857.58544450042,76857.58544450042,,45.85711870474209
2024-11-10 00:51:00+00:00,76857.58544450042,76857.58544450042,,43.96699222865291
2024-11-10 00:53:00+00:00,76857.58544450042,76857.58544450042,,40.576632319175324
2024-11-10 00:55:00+00:00,76857.58544450042,76857.58544450042,,37.15751662606125
2024-11-10 00:57:00+00:00,76892.28109804845,76892.28109804845,,39.83859231718504
2024-11-10 00:58:00+00:00,76945.70593296144,76945.70593296144,,41.60843901285404
2024-11-10 01:00:00+00:00,77078.16481408928,,77078.16481408928,51.41691719642727
2024-11-10 01:01:00+00:00,77013.45486211346,,77013.45486211346,53.135995704487975
2024-11-10 01:02:00+00:00,76982.6023553743,,76982.6023553743,50.26328512476444
2024-11-10 01:05:00+00:00,76982.6023553743,,76982.6023553743,55.0412884221185
2024-11-10 01:07:00+00:00,76982.6023553743,,76982.6023553743,51.539645109018885
2024-11-10 01:08:00+00:00,76982.6023553743,,76982.6023553743,50.92642966241803
2024-11-10 01:10:00+00:00,76927.9668672189,,76927.9668672189,56.71291407296853
2024-11-10 01:12:00+00:00,76927.9668672189,,76927.9668672189,55.22355150365203
2024-11-10 01:13:00+00:00,76927.9668672189,,76927.9668672189,52.61386238667909
2024-11-10 01:14:00+00:00,76922.75985974162,,76922.75985974162,48.34703658054156
2024-11-10 01:16:00+00:00,76922.75985974162,,76922.75985974162,46.438572085585385
2024-11-10 01:17:00+00:00,76920.1002698399,,76920.1002698399,43.66102744663216
2024-11-10 01:18:00+00:00,76885.4760072124,,76885.4760072124,42.518044070803356
2024-11-10 01:21:00+00:00,76871.1893546568,,76871.1893546568,38.95113905226713
2024-11-10 01:22:00+00:00,76855.30595789179,,76855.30595789179,36.03948596392786
2024-11-10 01:23:00+00:00,76852.75193548625,,76852.75193548625,33.268874328747444
2024-11-10 01:24:00+00:00,76842.53699100092,,76842.53699100092,30.363892833638936
2024-11-10 01:26:00+00:00,76842.53699100092,,76842.53699100092,29.71445040217088
2024-11-10 01:28:00+00:00,76842.53699100092,,76842.53699100092,28.01918961299413
2024-11-10 01:29:00+00:00,76842.53699100092,,76842.53699100092,28.207900709385093
2024-11-10 01:30:00+00:00,76842.53699100092,,76842.53699100092,25.679663741788254
2024-11-10 01:32:00+00:00,76781.82107784387,76781.82107784387,,27.90859905204254
2024-11-10 01:34:00+00:00,76856.06021104586,,76856.06021104586,36.10861201528518
2024-11-10 01:37:00+00:00,76856.06021104586,,76856.06021104586,37.22494053624631
2024-11-10 01:38:00+00:00,76856.06021104586,,76856.06021104586,36.38758791118126
2024-11-10 01:41:00+00:00,76848.76701082422,,76848.76701082422,35.39108694140407
2024-11-10 01:42:00+00:00,76848.76701082422,,76848.76701082422,33.58087632629766
2024-11-10 01:44:00+00:00,76834.67146547009,,76834.67146547009,32.40350932336607
2024-11-10 01:46:00+00:00,76834.67146547009,,76834.67146547009,32.01525460529844
2024-11-10 01:48:00+00:00,76834.67146547009,,76834.67146547009,30.17909711869311
2024-11-10 01:50:00+00:00,76834.67146547009,,76834.67146547009,30.619456161624868
2024-11-10 01:52:00+00:00,76834.67146547009,,76834.67146547009,30.457803170186047
2024-11-10 01:53:00+00:00,76834.67146547009,,76834.67146547009,31.26095166958254
2024-11-10 01:54:00+00:00,76827.87021861938,,76827.87021861938,28.631218706459247
2024-11-10 01:55:00+00:00,76823.86261799671,,76823.86261799671,26.29795599890544
2024-11-10 01:56:00+00:00,76807.99354097407,,76807.99354097407,24.99263865802383
2024-11-10 01:58:00+00:00,76800.55802953942,,76800.55802953942,22.795384846473947
2024-11-10 02:00:00+00:00,76800.55802953942,,76800.55802953942,21.61916940487102
2024-11-10 02:01:00+00:00,76800.55802953942,,76800.55802953942,21.53796528172726
2024-11-10 02:02:00+00:00,76800.55802953942,,76800.55802953942,21.5053733968936
2024-11-10 02:05:00+00:00,76791.83194274802,,76791.83194274802,20.600230916005838
2024-11-10 02:06:00+00:00,76767.68032273899,,76767.68032273899,21.04448257966443
2024-11-10 02:08:00+00:00,76766.68150926467,,76766.68150926467,19.469357254890234
2024-11-10 02:10:00+00:00,76773.48171062392,76773.48171062392,,32.495679792028234
2024-11-10 02:11:00+00:00,76806.08278915726,76806.08278915726,,32.50886194758088
2024-11-10 02:13:00+00:00,76812.35672101165,76812.35672101165,,29.73786382945235
2024-11-10 02:14:00+00:00,76825.26460742592,76825.26460742592,,27.633151691357714
2024-11-10 02:16:00+00:00,76833.60993310297,76833.60993310297,,25.221168132344886
2024-11-10 02:17:00+00:00,76855.39219809792,76855.39219809792,,24.791142300693625
2024-11-10 02:18:00+00:00,76866.96716073001,76866.96716073001,,23.13855058999522
2024-11-10 02:20:00+00:00,77074.8414379874,77074.8414379874,,46.23774983753305
2024-11-10 02:21:00+00:00,77074.8414379874,77074.8414379874,,48.51916537487205
2024-11-10 02:22:00+00:00,77074.8414379874,77074.8414379874,,47.51226196103962
2024-11-10 02:24:00+00:00,77074.8414379874,77074.8414379874,,52.52265795602974
2024-11-10 02:25:00+00:00,77074.8414379874,77074.8414379874,,48.385721682491344
2024-11-10 02:26:00+00:00,77129.40337431882,77129.40337431882,,49.85512522705933
2024-11-10 02:28:00+00:00,77295.98891650373,77295.98891650373,,64.44900699875595
2024-11-10 02:29:00+00:00,77295.98891650373,77295.98891650373,,59.96164102477544
2024-11-10 02:30:00+00:00,77295.98891650373,77295.98891650373,,64.8718998872552
2024-11-10 02:32:00+00:00,77446.39156295106,,77446.39156295106,70.3258334836877
2024-11-10 02:34:00+00:00,77446.39156295106,,77446.39156295106,67.59426786864596
2024-11-10 02:35:00+00:00,77446.39156295106,,77446.39156295106,61.83310751158892
2024-11-10 02:36:00+00:00,77446.39156295106,,77446.39156295106,57.41472029619488
2024-11-10 02:37:00+00:00,77417.09389819295,,77417.09389819295,56.27609106431775
2024-11-10 02:38:00+00:00,77393.4837750231,,77393.4837750231,52.19250834102956
2024-11-10 02:40:00+00:00,77393.4837750231,,77393.4837750231,51.70978240104609
2024-11-10 02:41:00+00:00,77393.4837750231,,77393.4837750231,51.009568614184566
2024-11-10 02:42:00+00:00,77393.4837750231,,77393.4837750231,47.32600435851087
2024-11-10 02:44:00+00:00,77266.38256484638,77266.38256484638,,50.1693533845408
2024-11-10 02:46:00+00:00,77307.9913716798,77307.9913716798,,49.09923027340118
2024-11-10 02:49:00+00:00,77307.9913716798,77307.9913716798,,49.72588396230421
2024-11-10 02:50:00+00:00,77307.9913716798,77307.9913716798,,47.03907318836206
2024-11-10 02:52:00+00:00,77307.9913716798,77307.9913716798,,43.996373454034654
2024-11-10 02:53:00+00:00,77307.9913716798,77307.9913716798,,40.174162744714884
2024-11-10 02:54:00+00:00,77307.9913716798,77307.9913716798,,36.58651386093142
2024-11-10 02:56:00+00:00,77307.9913716798,77307.9913716798,,35.32152010196261
2024-11-10 02:58:00+00:00,77294.68332574885,,77294.68332574885,53.725171082947234
2024-11-10 02:59:00+00:00,77260.65019626007,,77260.65019626007,51.26360708669225
2024-11-10 03:00:00+00:00,77225.94184173699,,77225.94184173699,49.19415557899426
2024-11-10 03:01:00+00:00,77212.03642749769,,77212.03642749769,44.782975832561185
2024-11-10 03:02:00+00:00,77180.03873514848,,77180.03873514848,43.18478671615956
2024-11-10 03:04:00+00:00,77180.03873514848,,77180.03873514848,40.61113920544402
2024-11-10 03:05:00+00:00,77180.03873514848,,77180.03873514848,39.38795426569427
2024-11-10 03:06:00+00:00,77180.03873514848,,77180.03873514848,38.25111204838528
2024-11-10 03:08:00+00:00,77073.90666461096,77073.90666461096,,42.127465963015645
2024-11-10 03:10:00+00:00,77073.90666461096,77073.90666461096,,43.11162476018796
2024-11-10 03:11:00+00:00,77073.90666461096,77073.90666461096,,39.837248386021734
2024-11-10 03:12:00+00:00,77073.90666461096,77073.90666461096,,36.29804301064809
2024-11-10 03:13:00+00:00,77133.67638157633,77133.67638157633,,42.8917269745568
2024-11-10 03:14:00+00:00,77144.4395298462,77144.4395298462,,39.05921921792997
2024-11-10 03:16:00+00:00,77168.42729989084,77168.42729989084,,37.17527503638743
2024-11-10 03:17:00+00:00,77204.4580586823,77204.4580586823,,37.032209605899425
2024-11-10 03:18:00+00:00,77235.23958014093,77235.23958014093,,36.250869119688645
2024-11-10 03:20:00+00:00,77290.0750180985,77290.0750180985,,38.57395230049678
2024-11-10 03:22:00+00:00,77327.13496158633,77327.13496158633,,38.38470030455889
2024-11-10 03:23:00+00:00,77334.56093324989,77334.56093324989,,35.11250141670286
2024-11-10 03:24:00+00:00,77334.56093324989,77334.56093324989,,35.20241631603365
2024-11-10 03:25:00+00:00,77334.56093324989,77334.56093324989,,34.403472997010425
2024-11-10 03:26:00+00:00,77334.56093324989,77334.56093324989,,33.43000157575114
2024-11-10 03:28:00+00:00,77334.56093324989,77334.56093324989,,32.737499954676316
2024-11-10 03:29:00+00:00,77334.56093324989,77334.56093324989,,30.946729439185564
2024-11-10 03:30:00+00:00,77340.05933962164,77340.05933962164,,32.12344929278422
2024-11-10 03:32:00+00:00,77340.05933962164,77340.05933962164,,34.00356487153032
2024-11-10 03:34:00+00:00,77340.05933962164,77340.05933962164,,34.35125266271825
2024-11-10 03:35:00+00:00,77431.91391906318,,77431.91391906318,32.174431354394926
2024-11-10 03:36:00+00:00,77407.20157077751,,77407.20157077751,31.241669425836733
2024-11-10 03:37:00+00:00,77407.20157077751,,77407.20157077751,31.172824402641286
2024-11-10 03:38:00+00:00,77407.20157077751,,77407.20157077751,29.84035040313681
2024-11-10 03:39:00+00:00,77407.20157077751,,77407.20157077751,28.952874563286517
2024-11-10 03:41:00+00:00,77407.20157077751,,77407.20157077751,27.830737316097245
2024-11-10 03:42:00+00:00,77407.20157077751,,77407.20157077751,26.45762948759414
2024-11-10 03:44:00+00:00,77400.10461360673,,77400.10461360673,26.01403786891102
2024-11-10 03:46:00+00:00,77388.91896347787,,77388.91896347787,24.160487825956487
2024-11-10 03:48:00+00:00,77382.75729269213,,77382.75729269213,21.994618397376332
2024-11-10 03:49:00+00:00,77373.38943980112,,77373.38943980112,20.416271600373022
2024-11-10 03:50:00+00:00,77367.04295418697,,77367.04295418697,18.657547228991355
2024-11-10 03:52:00+00:00,77350.36930462859,,77350.36930462859,18.40955987619898
2024-11-10 03:53:00+00:00,77343.82010477343,,77343.82010477343,16.927014091142045
2024-11-10 03:54:00+00:00,77329.48773695451,,77329.48773695451,16.60268315150506
2024-11-10 03:56:00+00:00,77329.48773695451,,77329.48773695451,15.555705941982676
2024-11-10 03:58:00+00:00,77323.76982217006,,77323.76982217006,14.569107390020568
2024-11-10 03:59:00+00:00,77307.64302030773,,77307.64302030773,14.763819269245785
2024-11-10 04:00:00+00:00,77307.64302030773,,77307.64302030773,13.99480710694829
2024-11-10 04:01:00+00:00,77301.27276908791,,77301.27276908791,13.541443862636639
2024-11-10 04:03:00+00:00,77283.03419383595,,77283.03419383595,14.128585445314934
2024-11-10 04:04:00+00:00,77281.46787447593,,77281.46787447593,13.007520658642244
2024-11-10 04:05:00+00:00,77253.69877883374,,77253.69877883374,14.852717944580462
2024-11-10 04:06:00+00:00,77253.69877883374,,77253.69877883374,15.087698166209472
2024-11-10 04:07:00+00:00,77218.78212887225,77218.78212887225,,17.885123709251133
2024-11-10 04:08:00+00:00,77260.66557060143,77260.66557060143,,20.88491396618944
2024-11-10 04:10:00+00:00,77273.92395654654,77273.92395654654,,19.93159781781835
2024-11-10 04:13:00+00:00,77302.9280283348,77302.9280283348,,21.065657221730653
2024-11-10 04:14:00+00:00,77302.9280283348,77302.9280283348,,20.712387214567734
2024-11-10 04:16:00+00:00,77302.9280283348,77302.9280283348,,19.85643148719858
2024-11-10 04:17:00+00:00,77302.9280283348,77302.9280283348,,19.1422103886714
2024-11-10 04:18:00+00:00,77302.9280283348,77302.9280283348,,17.999310501710973
2024-11-10 04:19:00+00:00,77307.5018807161,77307.5018807161,,16.58531059463305
2024-11-10 04:20:00+00:00,77323.3887836205,77323.3887836205,,16.49800962650379
2024-11-10 04:22:00+00:00,77323.3887836205,77323.3887836205,,15.824184852781746
2024-11-10 04:23:00+00:00,77323.3887836205,77323.3887836205,,16.968009011007243
2024-11-10 04:24:00+00:00,77323.3887836205,77323.3887836205,,16.17830361251956
2024-11-10 04:25:00+00:00,77323.3887836205,77323.3887836205,,15.994480549672726
2024-11-10 04:26:00+00:00,77366.1596628009,,77366.1596628009,15.412595933634346
2024-11-10 04:28:00+00:00,77366.1596628009,,77366.1596628009,16.627217933330005
2024-11-10 04:29:00+00:00,77366.1596628009,,77366.1596628009,15.978578784036863
2024-11-10 04:30:00+00:00,77366.1596628009,,77366.1596628009,14.562202265971958
2024-11-10 04:32:00+00:00,77366.1596628009,,77366.1596628009,15.626860040280564
2024-11-10 04:34:00+00:00,77624.33441340292,77624.33441340292,,51.9406121990299
2024-11-10 04:36:00+00:00,77719.47730731504,77719.47730731504,,57.340897561651985
2024-11-10 04:37:00+00:00,77719.47730731504,77719.47730731504,,63.432776303154625
2024-11-10 04:38:00+00:00,77719.47730731504,77719.47730731504,,58.42468292010267
2024-11-10 04:40:00+00:00,77719.47730731504,77719.47730731504,,62.56647317141006
2024-11-10 04:41:00+00:00,77719.47730731504,77719.47730731504,,65.17548700964328
2024-11-10 04:42:00+00:00,77719.47730731504,77719.47730731504,,60.283823357120475
2024-11-10 04:44:00+00:00,77719.47730731504,77719.47730731504,,62.50589057700968
2024-11-10 04:45:00+00:00,77729.50311095349,77729.50311095349,,61.62396301550434
2024-11-10 04:46:00+00:00,77856.69032791018,77856.69032791018,,69.81936986327426
2024-11-10 04:47:00+00:00,77856.69032791018,77856.69032791018,,71.92741012085403
2024-11-10 04:48:00+00:00,77856.69032791018,77856.69032791018,,69.26923645301012
2024-11-10 04:49:00+00:00,77856.69032791018,77856.69032791018,,64.61336833374098
2024-11-10 04:51:00+00:00,77948.43158057611,77948.43158057611,,70.08530647462952
2024-11-10 04:52:00+00:00,77985.9775733217,77985.9775733217,,66.01789222610327
2024-11-10 04:53:00+00:00,78066.56768026367,78066.56768026367,,67.83941907877656
2024-11-10 04:54:00+00:00,78513.63752114984,78513.63752114984,,115.24322211672246
2024-11-10 04:56:00+00:00,78513.63752114984,78513.63752114984,,116.03503147319357
2024-11-10 04:58:00+00:00,78553.2162493173,78553.2162493173,,122.26906272756669
2024-11-10 04:59:00+00:00,78759.18167540284,78759.18167540284,,132.73110819905207
2024-11-10 05:00:00+00:00,78759.18167540284,78759.18167540284,,127.15185970816884
2024-11-10 05:01:00+00:00,78759.18167540284,78759.18167540284,,128.01376450998814
2024-11-10 05:02:00+00:00,78759.18167540284,78759.18167540284,,120.27032566997414
2024-11-10 05:04:00+00:00,78759.18167540284,78759.18167540284,,120.20242674526425
2024-11-10 05:06:00+00:00,78759.37051230767,78759.37051230767,,116.91555839744542
2024-11-10 05:08:00+00:00,78824.67702827354,78824.67702827354,,110.46442807548975
2024-11-10 05:10:00+00:00,78928.1445995717,78928.1445995717,,109.58982097610375
2024-11-10 05:12:00+00:00,78928.1445995717,78928.1445995717,,108.2343542941837
2024-11-10 05:13:00+00:00,78928.1445995717,78928.1445995717,,102.69245275898662
2024-11-10 05:14:00+00:00,78928.1445995717,78928.1445995717,,98.95762750299077
2024-11-10 05:16:00+00:00,78928.1445995717,78928.1445995717,,90.7825022651407
2024-11-10 05:17:00+00:00,78928.1445995717,78928.1445995717,,83.11406455043088
2024-11-10 05:18:00+00:00,78978.80965349893,78978.80965349893,,83.08167800035797
2024-11-10 05:19:00+00:00,79047.82624750402,79047.82624750402,,81.3235424986603
2024-11-10 05:20:00+00:00,79063.69147502158,79063.69147502158,,74.381487492805
2024-11-10 05:22:00+00:00,79063.69147502158,79063.69147502158,,71.96541476429523
2024-11-10 05:23:00+00:00,79091.42670973472,79091.42670973472,,71.50620092175981
2024-11-10 05:24:00+00:00,79138.13862817394,79138.13862817394,,68.40691560868588
2024-11-10 05:25:00+00:00,79142.52659380366,79142.52659380366,,63.207281232111214
2024-11-10 05:26:00+00:00,79277.10017048902,79277.10017048902,,72.12806817032481
2024-11-10 05:28:00+00:00,79352.61805271667,79352.61805271667,,72.55179492777394
2024-11-10 05:29:00+00:00,79469.49581496236,79469.49581496236,,78.09254084587891
2024-11-10 05:30:00+00:00,79469.49581496236,79469.49581496236,,75.50458258612316
2024-11-10 05:32:00+00:00,79469.49581496236,79469.49581496236,,81.43598417136872
2024-11-10 05:34:00+00:00,79469.49581496236,79469.49581496236,,75.63640606295547
2024-11-10 05:36:00+00:00,79469.49581496236,79469.49581496236,,69.86193164639876
2024-11-10 05:37:00+00:00,79469.49581496236,79469.49581496236,,73.01297763395424
2024-11-10 05:38:00+00:00,79469.49581496236,79469.49581496236,,67.87259330231275
2024-11-10 05:40:00+00:00,79469.49581496236,79469.49581496236,,67.47792572928574
2024-11-10 05:41:00+00:00,79469.49581496236,79469.49581496236,,64.45294384418172
2024-11-10 05:42:00+00:00,79469.49581496236,79469.49581496236,,62.95296031261141
2024-11-10 05:44:00+00:00,79469.49581496236,79469.49581496236,,63.80808892070149
2024-11-10 05:46:00+00:00,79469.49581496236,79469.49581496236,,60.353944472830094
2024-11-10 05:47:00+00:00,79469.49581496236,79469.49581496236,,57.49648361126144
2024-11-10 05:48:00+00:00,79481.36683447083,79481.36683447083,,53.47407600972288
2024-11-10 05:49:00+00:00,79499.38249156594,79499.38249156594,,49.04177364468693
2024-11-10 05:50:00+00:00,79499.38249156594,79499.38249156594,,48.18144194962439
2024-11-10 05:52:00+00:00,79499.38249156594,79499.38249156594,,44.26864040837321
2024-11-10 05:54:00+00:00,79475.32569543931,,79475.32569543931,72.42887764643724
2024-11-10 05:56:00+00:00,79415.14054698992,,79415.14054698992,70.89841149663951
2024-11-10 05:58:00+00:00,79371.804616581,,79371.804616581,67.45310136033248
2024-11-10 06:00:00+00:00,79308.49354348262,,79308.49354348262,66.93534782754098
2024-11-10 06:02:00+00:00,79222.78390316645,,79222.78390316645,69.28213438881373
2024-11-10 06:05:00+00:00,79174.90582105996,,79174.90582105996,66.60662785332181
2024-11-10 06:06:00+00:00,79174.90582105996,,79174.90582105996,64.46554236655054
2024-11-10 06:07:00+00:00,79174.90582105996,,79174.90582105996,60.17393056030797
2024-11-10 06:08:00+00:00,79174.90582105996,,79174.90582105996,61.09490846395389
2024-11-10 06:10:00+00:00,79174.90582105996,,79174.90582105996,58.37108155803893
2024-11-10 06:11:00+00:00,79046.1136696141,79046.1136696141,,61.62356846196318
2024-11-10 06:12:00+00:00,79061.06072237696,79061.06072237696,,56.154238374344416
2024-11-10 06:14:00+00:00,79061.06072237696,79061.06072237696,,57.14021670397693
2024-11-10 06:16:00+00:00,79061.06072237696,79061.06072237696,,52.87889018532567
2024-11-10 06:17:00+00:00,79061.06072237696,79061.06072237696,,50.944587668433364
2024-11-10 06:18:00+00:00,79061.06072237696,79061.06072237696,,50.80473878948195
2024-11-10 06:20:00+00:00,79061.06072237696,79061.06072237696,,46.73229094490611
2024-11-10 06:22:00+00:00,79180.87428780422,,79180.87428780422,45.46330426807452
2024-11-10 06:24:00+00:00,79179.84026164004,,79179.84026164004,42.14206638001553
2024-11-10 06:26:00+00:00,79179.84026164004,,79179.84026164004,40.23994670907784
2024-11-10 06:28:00+00:00,79175.44630352466,,79175.44630352466,37.69824700821955
2024-11-10 06:29:00+00:00,79134.53428161333,,79134.53428161333,38.09996887111343
2024-11-10 06:30:00+00:00,79089.4729264667,,79089.4729264667,38.97014215556701
2024-11-10 06:33:00+00:00,79024.02652406074,,79024.02652406074,42.27967468691141
2024-11-10 06:34:00+00:00,78989.81956732791,,78989.81956732791,41.27058494263778
2024-11-10 06:36:00+00:00,78948.2684987072,,78948.2684987072,41.30564540239827
2024-11-10 06:37:00+00:00,78948.2684987072,,78948.2684987072,40.38013218399164
2024-11-10 06:38:00+00:00,78948.2684987072,,78948.2684987072,37.40665425815439
2024-11-10 06:40:00+00:00,78948.2684987072,,78948.2684987072,40.58985614379601
2024-11-10 06:41:00+00:00,78948.2684987072,,78948.2684987072,38.34802263071129
2024-11-10 06:42:00+00:00,78948.2684987072,,78948.2684987072,39.88314557338159
2024-11-10 06:44:00+00:00,78891.37448792747,,78891.37448792747,44.56493347582277
2024-11-10 06:46:00+00:00,78871.68064243402,,78871.68064243402,41.456047478007825
2024-11-10 06:48:00+00:00,78807.74376584914,,78807.74376584914,44.26615111638132
2024-11-10 06:50:00+00:00,78806.40981554464,,78806.40981554464,41.009001014880965
2024-11-10 06:53:00+00:00,78690.1082642775,78690.1082642775,,52.10193274083539
2024-11-10 06:54:00+00:00,78690.1082642775,78690.1082642775,,48.86752408256847
2024-11-10 06:55:00+00:00,78708.7689684112,78708.7689684112,,45.94419802960019
2024-11-10 06:56:00+00:00,78752.11738605564,78752.11738605564,,45.619725481453955
2024-11-10 06:59:00+00:00,78765.54208391425,78765.54208391425,,41.595347028585955
2024-11-10 07:00:00+00:00,78798.50558764931,78798.50558764931,,40.51636661689424
2024-11-10 07:01:00+00:00,78867.65777854482,78867.65777854482,,44.09584465172832
2024-11-10 07:02:00+00:00,78891.11573617712,78891.11573617712,,41.51610877429435
2024-11-10 07:04:00+00:00,78891.11573617712,78891.11573617712,,41.307968203903656
2024-11-10 07:06:00+00:00,78891.11573617712,78891.11573617712,,40.92343700354827
2024-11-10 07:07:00+00:00,78891.11573617712,78891.11573617712,,38.0419029577677
2024-11-10 07:09:00+00:00,78917.33387261519,78917.33387261519,,36.68297996160551
2024-11-10 07:10:00+00:00,78918.93633305926,78918.93633305926,,33.948305646911386
2024-11-10 07:11:00+00:00,78929.27450732661,78929.27450732661,,30.997039224462238
2024-11-10 07:12:00+00:00,78994.37597256964,78994.37597256964,,35.26009247678734
2024-11-10 07:14:00+00:00,78994.37597256964,78994.37597256964,,33.23502725162335
2024-11-10 07:16:00+00:00,78994.37597256964,78994.37597256964,,32.76053613783909
2024-11-10 07:18:00+00:00,79000.61615144226,79000.61615144226,,33.633157852581526
2024-11-10 07:19:00+00:00,79025.93655812932,79025.93655812932,,32.594063956891716
2024-11-10 07:20:00+00:00,79050.49630284484,79050.49630284484,,31.589774051719235
2024-11-10 07:22:00+00:00,79050.49630284484,79050.49630284484,,32.874226410654444
2024-11-10 07:24:00+00:00,79118.21521975634,,79118.21521975634,38.759239918779244
2024-11-10 07:27:00+00:00,79108.67860886939,,79108.67860886939,35.30953628979799
2024-11-10 07:28:00+00:00,79095.75328079035,,79095.75328079035,32.51151026345174
2024-11-10 07:30:00+00:00,79076.44332344578,,79076.44332344578,30.861316148591968
2024-11-10 07:32:00+00:00,79051.58341904162,,79051.58341904162,30.11113968053794
2024-11-10 07:34:00+00:00,79032.0701536742,,79032.0701536742,28.78640539139778
2024-11-10 07:36:00+00:00,79020.41817947653,,79020.41817947653,26.64460149217929
2024-11-10 07:37:00+00:00,79020.41817947653,,79020.41817947653,27.525632038344998
2024-11-10 07:38:00+00:00,79020.41817947653,,79020.41817947653,28.377705262131983
2024-11-10 07:40:00+00:00,78984.4590825331,,78984.4590825331,39.129590011031
2024-11-10 07:41:00+00:00,78984.4590825331,,78984.4590825331,39.56241137366461
2024-11-10 07:42:00+00:00,78984.4590825331,,78984.4590825331,38.73216374878589
2024-11-10 07:45:00+00:00,78984.4590825331,,78984.4590825331,36.362336362532304
2024-11-10 07:46:00+00:00,78972.42213894326,,78972.42213894326,35.54956714775654
2024-11-10 07:48:00+00:00,78945.88589335751,,78945.88589335751,34.422901952505825
2024-11-10 07:49:00+00:00,78915.48646555228,,78915.48646555228,33.91996768409615
2024-11-10 07:50:00+00:00,78885.07647436572,,78885.07647436572,33.48122062190555
2024-11-10 07:52:00+00:00,78885.07647436572,,78885.07647436572,32.20735965627767
2024-11-10 07:53:00+00:00,78885.07647436572,,78885.07647436572,33.365355369343426
2024-11-10 07:54:00+00:00,78885.07647436572,,78885.07647436572,30.4919423812211
2024-11-10 07:56:00+00:00,78795.4687082785,78795.4687082785,,31.19793057383741
2024-11-10 07:58:00+00:00,78795.4687082785,78795.4687082785,,29.101811885306617
2024-11-10 08:00:00+00:00,78795.4687082785,78795.4687082785,,28.577641486642353
2024-11-10 08:02:00+00:00,78869.37986980916,78869.37986980916,,37.196293396948
2024-11-10 08:04:00+00:00,78869.37986980916,78869.37986980916,,36.165664451770866
2024-11-10 08:05:00+00:00,78869.37986980916,78869.37986980916,,33.62858700160978
2024-11-10 08:06:00+00:00,78875.93695022288,78875.93695022288,,31.10695409237244
2024-11-10 08:07:00+00:00,78903.5286195208,78903.5286195208,,30.667543493065843
2024-11-10 08:08:00+00:00,78915.08567683709,78915.08567683709,,28.27873272096888
2024-11-10 08:10:00+00:00,78939.15601303372,78939.15601303372,,27.752683155426237
2024-11-10 08:12:00+00:00,78947.91810843974,78947.91810843974,,25.378859686751063
2024-11-10 08:14:00+00:00,78947.91810843974,78947.91810843974,,24.442429260682765
2024-11-10 08:16:00+00:00,78947.91810843974,78947.91810843974,,25.35604364607526
2024-11-10 08:17:00+00:00,78947.91810843974,78947.91810843974,,24.493420360068406
2024-11-10 08:19:00+00:00,78947.91810843974,78947.91810843974,,23.573563963698536
2024-11-10 08:20:00+00:00,78947.91810843974,78947.91810843974,,21.480228603362274
2024-11-10 08:22:00+00:00,78961.3827572181,78961.3827572181,,25.33074759396576
2024-11-10 08:24:00+00:00,78961.3827572181,78961.3827572181,,24.226815994514315
2024-11-10 08:26:00+00:00,78965.75072910587,78965.75072910587,,22.978923631376635
2024-11-10 08:28:00+00:00,79003.14839009625,79003.14839009625,,24.781265801251504
2024-11-10 08:30:00+00:00,79004.82595122386,79004.82595122386,,22.891349592046804
2024-11-10 08:32:00+00:00,79004.82595122386,79004.82595122386,,24.741425765497112
2024-11-10 08:34:00+00:00,79004.82595122386,79004.82595122386,,24.51351205954283
2024-11-10 08:35:00+00:00,79004.82595122386,79004.82595122386,,25.6166870995844
2024-11-10 08:36:00+00:00,79004.82595122386,79004.82595122386,,24.633067817803994
2024-11-10 08:37:00+00:00,79004.82595122386,79004.82595122386,,22.606055970730893
2024-11-10 08:38:00+00:00,79004.82595122386,79004.82595122386,,20.90607360975535
2024-11-10 08:40:00+00:00,79004.82595122386,79004.82595122386,,19.673135099777586
2024-11-10 08:41:00+00:00,79004.82595122386,79004.82595122386,,19.223446681615986
2024-11-10 08:42:00+00:00,79004.82595122386,79004.82595122386,,19.134951528741805
2024-11-10 08:44:00+00:00,79004.82595122386,79004.82595122386,,18.76401843521982
2024-11-10 08:47:00+00:00,79004.82595122386,79004.82595122386,,18.04896562292711
2024-11-10 08:48:00+00:00,79004.82595122386,79004.82595122386,,16.651048293570096
2024-11-10 08:50:00+00:00,79004.82595122386,79004.82595122386,,15.728935948700084
2024-11-10 08:53:00+00:00,79027.40190763991,79027.40190763991,,21.024884953363728
2024-11-10 08:54:00+00:00,79040.68710353629,79040.68710353629,,20.057423821239748
2024-11-10 08:56:00+00:00,79041.43429866935,79041.43429866935,,18.57137961021795
2024-11-10 08:58:00+00:00,79056.92535674486,79056.92535674486,,18.18633941837995
2024-11-10 09:00:00+00:00,79082.87958567715,79082.87958567715,,19.15732560761814
2024-11-10 09:02:00+00:00,79099.90544720649,79099.90544720649,,18.89089259783467
2024-11-10 09:05:00+00:00,79099.90544720649,79099.90544720649,,18.317004634395158
2024-11-10 09:07:00+00:00,79124.56157826983,79124.56157826983,,20.466453076722875
2024-11-10 09:08:00+00:00,79124.56157826983,79124.56157826983,,19.96808234247534
2024-11-10 09:10:00+00:00,79156.94997429325,79156.94997429325,,23.206779402250316
2024-11-10 09:13:00+00:00,79193.99500503932,79193.99500503932,,24.936560820227562
2024-11-10 09:14:00+00:00,79193.99500503932,79193.99500503932,,23.718606427479603
2024-11-10 09:16:00+00:00,79194.49328928869,79194.49328928869,,21.801716070436
2024-11-10 09:17:00+00:00,79198.6593823079,79198.6593823079,,19.946872564032724
2024-11-10 09:18:00+00:00,79212.19602937083,79212.19602937083,,19.145594376393383
2024-11-10 09:19:00+00:00,79212.19602937083,79212.19602937083,,17.787898296721256
2024-11-10 09:21:00+00:00,79255.47192509985,79255.47192509985,,20.991129133382962
2024-11-10 09:22:00+00:00,79288.95246031805,79288.95246031805,,22.552304893984513
2024-11-10 09:25:00+00:00,79352.23497925632,,79352.23497925632,28.737180585440473
2024-11-10 09:26:00+00:00,79352.23497925632,,79352.23497925632,26.948573259491337
2024-11-10 09:28:00+00:00,79352.23497925632,,79352.23497925632,29.613759781355764
2024-11-10 09:29:00+00:00,79352.23497925632,,79352.23497925632,27.146741846687053
2024-11-10 09:30:00+00:00,79275.77593132721,79275.77593132721,,27.296043724260958
2024-11-10 09:32:00+00:00,79281.0924659793,79281.0924659793,,24.966573840237235
2024-11-10 09:34:00+00:00,79300.70266793572,79300.70266793572,,24.29702735476112
2024-11-10 09:36:00+00:00,79344.56208448701,79344.56208448701,,26.74232600432829
2024-11-10 09:39:00+00:00,79344.56208448701,79344.56208448701,,26.71674523120754
2024-11-10 09:40:00+00:00,79344.56208448701,79344.56208448701,,26.620336573825035
2024-11-10 09:42:00+00:00,79372.14482070775,79372.14482070775,,26.795476430750032
2024-11-10 09:44:00+00:00,79405.03222337068,79405.03222337068,,27.556967209772758
2024-11-10 09:46:00+00:00,79406.34321442789,79406.34321442789,,25.494970190702503
2024-11-10 09:47:00+00:00,79406.34321442789,79406.34321442789,,26.24684790063864
2024-11-10 09:48:00+00:00,79412.52564208917,79412.52564208917,,28.24145263694422
2024-11-10 09:49:00+00:00,79431.09717462651,79431.09717462651,,27.032712624494742
2024-11-10 09:50:00+00:00,79431.09717462651,79431.09717462651,,27.26269329499522
2024-11-10 09:52:00+00:00,79431.09717462651,79431.09717462651,,29.067647313632023
2024-11-10 09:53:00+00:00,79496.25693585536,,79496.25693585536,28.741895285120023
2024-11-10 09:54:00+00:00,79479.08300986851,,79479.08300986851,27.295899122836385
2024-11-10 09:55:00+00:00,79479.08300986851,,79479.08300986851,25.43590261166944
2024-11-10 09:56:00+00:00,79467.32802985,,79467.32802985,23.88278078333585
2024-11-10 09:58:00+00:00,79467.32802985,,79467.32802985,25.286902984850773
2024-11-10 10:00:00+00:00,79467.32802985,,79467.32802985,25.526445895318883
2024-11-10 10:01:00+00:00,79467.32802985,,79467.32802985,25.116371268471713
2024-11-10 10:02:00+00:00,79467.32802985,,79467.32802985,23.1810761531561
2024-11-10 10:04:00+00:00,79467.32802985,,79467.32802985,23.679529457414638
2024-11-10 10:05:00+00:00,79433.15865988386,,79433.15865988386,25.862782461286034
2024-11-10 10:06:00+00:00,79433.15865988386,,79433.15865988386,28.088324964805487
2024-11-10 10:08:00+00:00,79433.15865988386,,79433.15865988386,27.64847724073226
2024-11-10 10:10:00+00:00,79433.15865988386,,79433.15865988386,27.676882718847505
2024-11-10 10:12:00+00:00,79433.15865988386,,79433.15865988386,28.90867178986137
2024-11-10 10:14:00+00:00,79423.56839465417,,79423.56839465417,28.18686071805579
2024-11-10 10:16:00+00:00,79423.56839465417,,79423.56839465417,27.625839289141627
2024-11-10 10:17:00+00:00,79423.56839465417,,79423.56839465417,25.569655035583295
2024-11-10 10:18:00+00:00,79423.56839465417,,79423.56839465417,24.83605003234845
2024-11-10 10:19:00+00:00,79423.56839465417,,79423.56839465417,22.90990343849859
2024-11-10 10:21:00+00:00,79418.3998786959,,79418.3998786959,22.57079289863508
2024-11-10 10:22:00+00:00,79409.91466245083,,79409.91466245083,20.81009581694098
2024-11-10 10:23:00+00:00,79406.18804540984,,79406.18804540984,19.05747346994634
2024-11-10 10:24:00+00:00,79406.18804540984,,79406.18804540984,18.346992927223944
2024-11-10 10:26:00+00:00,79403.55642957425,,79403.55642957425,17.52141402474904
2024-11-10 10:28:00+00:00,79401.85030529476,,79401.85030529476,16.148018431590035
2024-11-10 10:29:00+00:00,79389.05993663162,,79389.05993663162,15.728312210536394
2024-11-10 10:30:00+00:00,79389.05993663162,,79389.05993663162,14.941221327760358
2024-11-10 10:32:00+00:00,79349.12834524247,79349.12834524247,,18.69940575250942
2024-11-10 10:34:00+00:00,79349.12834524247,79349.12834524247,,17.684118865917654
2024-11-10 10:35:00+00:00,79372.8181701384,79372.8181701384,,18.995505787197867
2024-11-10 10:36:00+00:00,79392.21467171673,79392.21467171673,,19.04563026108897
2024-11-10 10:37:00+00:00,79403.83507087885,79403.83507087885,,18.117476373717242
2024-11-10 10:38:00+00:00,79421.16256443532,79421.16256443532,,18.01872852156113
2024-11-10 10:40:00+00:00,79427.80971766847,79427.80971766847,,16.597281610510116
2024-11-10 10:41:00+00:00,79617.1487490168,79617.1487490168,,38.19000032773649
2024-11-10 10:42:00+00:00,79617.1487490168,79617.1487490168,,38.044176434305896
2024-11-10 10:44:00+00:00,79617.1487490168,79617.1487490168,,35.278796758459904
2024-11-10 10:46:00+00:00,79709.59203093217,,79709.59203093217,41.33796864405446
2024-11-10 10:47:00+00:00,79696.51122130196,,79696.51122130196,37.80582376732223
2024-11-10 10:48:00+00:00,79696.51122130196,,79696.51122130196,36.80358978847475
2024-11-10 10:49:00+00:00,79696.51122130196,,79696.51122130196,33.619030489522494
2024-11-10 10:50:00+00:00,79667.30261156234,,79667.30261156234,35.06701635411136
2024-11-10 10:53:00+00:00,79644.51160710212,,79644.51160710212,33.53251486737396
2024-11-10 10:54:00+00:00,79644.51160710212,,79644.51160710212,33.24120669761269
2024-11-10 10:55:00+00:00,79644.51160710212,,79644.51160710212,31.021125406920625
2024-11-10 10:56:00+00:00,79644.51160710212,,79644.51160710212,28.97872196083693
2024-11-10 10:58:00+00:00,79644.51160710212,,79644.51160710212,26.73704837348811
2024-11-10 11:00:00+00:00,79644.51160710212,,79644.51160710212,25.7929132940801
2024-11-10 11:02:00+00:00,79558.93338987978,79558.93338987978,,28.79043254007282
2024-11-10 11:04:00+00:00,79598.00691693617,79598.00691693617,,30.075819354611653
2024-11-10 11:05:00+00:00,79640.61850403287,79640.61850403287,,31.642790322374232
2024-11-10 11:06:00+00:00,79640.61850403287,79640.61850403287,,31.9586446112493
2024-11-10 11:07:00+00:00,79733.74871825795,,79733.74871825795,35.783426919317556
2024-11-10 11:09:00+00:00,79733.74871825795,,79733.74871825795,36.56447901756141
2024-11-10 11:11:00+00:00,79733.74871825795,,79733.74871825795,34.3895831977831
2024-11-10 11:12:00+00:00,79661.24644923332,79661.24644923332,,43.37618358889373
2024-11-10 11:14:00+00:00,79730.46836293938,79730.46836293938,,46.60689985353976
2024-11-10 11:16:00+00:00,79781.98615380852,79781.98615380852,,47.22076123049069
2024-11-10 11:17:00+00:00,79781.98615380852,79781.98615380852,,44.602680664082435
2024-11-10 11:18:00+00:00,79781.98615380852,79781.98615380852,,41.21124378552948
2024-11-10 11:20:00+00:00,79829.29674990311,79829.29674990311,,42.934937532299536
2024-11-10 11:22:00+00:00,79979.47525576991,,79979.47525576991,50.996960256635944
2024-11-10 11:23:00+00:00,79932.07267569992,,79932.07267569992,50.54766273330541
2024-11-10 11:24:00+00:00,79914.23013131811,,79914.23013131811,46.45952293936855
2024-11-10 11:26:00+00:00,79842.27526142554,,79842.27526142554,49.64644130851687
2024-11-10 11:28:00+00:00,79842.27526142554,,79842.27526142554,51.82560005319716
2024-11-10 11:29:00+00:00,79842.27526142554,,79842.27526142554,50.29386936654287
2024-11-10 11:31:00+00:00,79842.27526142554,,79842.27526142554,48.99726760594807
2024-11-10 11:32:00+00:00,79842.27526142554,,79842.27526142554,45.80291373268006
2024-11-10 11:34:00+00:00,79700.1333886836,79700.1333886836,,50.76543293880007
2024-11-10 11:36:00+00:00,79730.796688576,79730.796688576,,48.25266630800006
2024-11-10 11:38:00+00:00,79752.84855211455,79752.84855211455,,44.97756596181823
2024-11-10 11:40:00+00:00,79786.03561555868,79786.03561555868,,43.50375314710748
2024-11-10 11:41:00+00:00,79813.51391187153,79813.51391187153,,41.50057104282498
2024-11-10 11:42:00+00:00,79823.66889715593,79823.66889715593,,37.81088844802271
2024-11-10 11:44:00+00:00,79823.66889715593,79823.66889715593,,37.05251222547519
2024-11-10 11:46:00+00:00,79823.66889715593,79823.66889715593,,34.28069293225017
2024-11-10 11:48:00+00:00,79823.66889715593,79823.66889715593,,32.41071516568197
2024-11-10 11:50:00+00:00,79848.12560636632,79848.12560636632,,35.6091728778927
2024-11-10 11:53:00+00:00,79848.51049442393,79848.51049442393,,33.038168525357
2024-11-10 11:54:00+00:00,79861.28226765811,79861.28226765811,,30.50486911396091
2024-11-10 11:56:00+00:00,79882.80632287101,79882.80632287101,,29.382267376328098
2024-11-10 11:58:00+00:00,79906.58103215547,79906.58103215547,,28.681322614843722
2024-11-10 12:00:00+00:00,80002.14792531321,,80002.14792531321,34.66128760440339
2024-11-10 12:01:00+00:00,80002.14792531321,,80002.14792531321,39.699181913094
2024-11-10 12:02:00+00:00,79933.75010046428,79933.75010046428,,42.812466511903644
2024-11-10 12:04:00+00:00,79933.75010046428,79933.75010046428,,41.07241273809422
2024-11-10 12:05:00+00:00,79933.75010046428,79933.75010046428,,42.17023317099475
2024-11-10 12:06:00+00:00,79933.75010046428,79933.75010046428,,43.470098337267956
2024-11-10 12:07:00+00:00,79933.75010046428,79933.75010046428,,45.043129170243596
2024-11-10 12:08:00+00:00,79933.75010046428,79933.75010046428,,43.53068560931236
2024-11-10 12:10:00+00:00,79778.68311984358,,79778.68311984358,76.1599982811931
2024-11-10 12:12:00+00:00,79778.68311984358,,79778.68311984358,84.03678821017554
2024-11-10 12:14:00+00:00,79694.0115530732,,79694.0115530732,107.4205176910687
2024-11-10 12:16:00+00:00,79694.0115530732,,79694.0115530732,100.630868355517
2024-11-10 12:17:00+00:00,79694.0115530732,,79694.0115530732,105.51030645956091
2024-11-10 12:18:00+00:00,79694.0115530732,,79694.0115530732,98.61377291778264
2024-11-10 12:19:00+00:00,79694.0115530732,,79694.0115530732,94.20357197071148
2024-11-10 12:20:00+00:00,79694.0115530732,,79694.0115530732,86.75324724610134
2024-11-10 12:22:00+00:00,79694.0115530732,,79694.0115530732,84.9013895419103
2024-11-10 12:24:00+00:00,79687.95123284157,,79687.95123284157,77.59572344719118
2024-11-10 12:25:00+00:00,79687.95123284157,,79687.95123284157,74.85051563381016
2024-11-10 12:26:00+00:00,79687.95123284157,,79687.95123284157,70.1219176216456
2024-11-10 12:28:00+00:00,79622.59457646812,,79622.59457646812,75.50287965604146
2024-11-10 12:30:00+00:00,79567.37788201647,,79567.37788201647,72.96710650549223
2024-11-10 12:33:00+00:00,79567.37788201647,,79567.37788201647,70.0027672777202
2024-11-10 12:34:00+00:00,79567.37788201647,,79567.37788201647,63.990441843381994
2024-11-10 12:36:00+00:00,79567.37788201647,,79567.37788201647,61.92028803943818
2024-11-10 12:38:00+00:00,79567.37788201647,,79567.37788201647,59.15551753585288
2024-11-10 12:40:00+00:00,79545.36092850687,,79545.36092850687,56.07603866895717
2024-11-10 12:41:00+00:00,79545.36092850687,,79545.36092850687,53.311313562688326
2024-11-10 12:42:00+00:00,79545.36092850687,,79545.36092850687,49.63528505698938
2024-11-10 12:43:00+00:00,79545.36092850687,,79545.36092850687,47.73804323362671
2024-11-10 12:44:00+00:00,79545.36092850687,,79545.36092850687,44.17520975784247
2024-11-10 12:46:00+00:00,79545.36092850687,,79545.36092850687,40.35104296167496
2024-11-10 12:48:00+00:00,79545.36092850687,,79545.36092850687,39.10890269243178
2024-11-10 12:49:00+00:00,79529.64075734299,,79529.64075734299,36.23181494766526
2024-11-10 12:50:00+00:00,79446.50627173364,79446.50627173364,,48.48488858878661
2024-11-10 12:52:00+00:00,79462.73510498513,79462.73510498513,,44.45288167162418
2024-11-10 12:53:00+00:00,79537.2620272592,79537.2620272592,,48.21213674693108
2024-11-10 12:54:00+00:00,79563.25738273564,79563.25738273564,,45.43503908811916
2024-11-10 12:55:00+00:00,79563.25738273564,79563.25738273564,,43.975035534653784
2024-11-10 12:56:00+00:00,79563.25738273564,79563.25738273564,,40.696055031503434
2024-11-10 12:59:00+00:00,79563.25738273564,79563.25738273564,,38.70308980136676
2024-11-10 13:00:00+00:00,79569.186885769,79569.186885769,,39.08874641033342
2024-11-10 13:01:00+00:00,79569.186885769,79569.186885769,,37.32073537303038
2024-11-10 13:02:00+00:00,79569.186885769,79569.186885769,,34.78234465730034
2024-11-10 13:04:00+00:00,79590.42812252554,79590.42812252554,,35.10468832481849
2024-11-10 13:05:00+00:00,79626.18394661412,79626.18394661412,,35.186080295289536
2024-11-10 13:06:00+00:00,79626.18394661412,79626.18394661412,,34.26433435935412
2024-11-10 13:07:00+00:00,79626.18394661412,79626.18394661412,,31.713315326685564
2024-11-10 13:08:00+00:00,79626.18394661412,79626.18394661412,,31.28270143335051
2024-11-10 13:10:00+00:00,79628.02587109087,79628.02587109087,,31.86637630304592
2024-11-10 13:12:00+00:00,79628.02587109087,79628.02587109087,,33.371421639132656
2024-11-10 13:14:00+00:00,79710.93768401582,,79710.93768401582,37.247457171938784
2024-11-10 13:17:00+00:00,79710.93768401582,,79710.93768401582,36.0793644744898
2024-11-10 13:18:00+00:00,79710.93768401582,,79710.93768401582,33.837064294990725
2024-11-10 13:20:00+00:00,79710.93768401582,,79710.93768401582,37.33696185908248
2024-11-10 13:22:00+00:00,79673.83953583887,79673.83953583887,,42.48317555371135
2024-11-10 13:25:00+00:00,79692.77244735352,79692.77244735352,,39.539392548828495
2024-11-10 13:27:00+00:00,79699.56870213956,79699.56870213956,,36.22970345348045
2024-11-10 13:28:00+00:00,79730.3699848996,79730.3699848996,,35.551150866800405
2024-11-10 13:29:00+00:00,79758.01461695418,79758.01461695418,,34.56283601527309
2024-11-10 13:31:00+00:00,79804.24198132199,79804.24198132199,,36.02090205933917
2024-11-10 13:32:00+00:00,79804.24198132199,79804.24198132199,,34.61417232667197
2024-11-10 13:34:00+00:00,79804.24198132199,79804.24198132199,,35.45251461515634
2024-11-10 13:36:00+00:00,79899.8775966777,,79899.8775966777,37.821178059233034
2024-11-10 13:37:00+00:00,79899.8775966777,,79899.8775966777,36.49723573566639
2024-11-10 13:38:00+00:00,79899.8775966777,,79899.8775966777,33.32632225969672
2024-11-10 13:40:00+00:00,79880.88357775372,,79880.88357775372,32.95858841790611
2024-11-10 13:41:00+00:00,79874.25140591247,,79874.25140591247,30.13067697082373
2024-11-10 13:42:00+00:00,79874.25140591247,,79874.25140591247,29.662121109839752
2024-11-10 13:43:00+00:00,79874.25140591247,,79874.25140591247,27.136729418036136
2024-11-10 13:44:00+00:00,79874.25140591247,,79874.25140591247,26.802566516396485
2024-11-10 13:46:00+00:00,79863.31310754472,,79863.31310754472,29.390827514905897
2024-11-10 13:48:00+00:00,79858.81731367702,,79858.81731367702,26.97035455900536
2024-11-10 13:49:00+00:00,79858.81731367702,,79858.81731367702,25.06182800818669
2024-11-10 13:50:00+00:00,79858.81731367702,,79858.81731367702,23.604502734715172
2024-11-10 13:52:00+00:00,79837.94338814013,,79837.94338814013,23.876962713377427
2024-11-10 13:53:00+00:00,79837.94338814013,,79837.94338814013,24.747522921252205
2024-11-10 13:54:00+00:00,79837.94338814013,,79837.94338814013,22.578714019320184
2024-11-10 13:55:00+00:00,79837.94338814013,,79837.94338814013,22.189455926654713
2024-11-10 13:56:00+00:00,79833.45561843633,,79833.45561843633,21.349789478777012
2024-11-10 13:58:00+00:00,79833.45561843633,,79833.45561843633,22.101371117070013
2024-11-10 14:00:00+00:00,79833.45561843633,,79833.45561843633,22.012610106427285
2024-11-10 14:02:00+00:00,79773.33623779025,,79773.33623779025,28.086037596752085
2024-11-10 14:04:00+00:00,79773.33623779025,,79773.33623779025,26.576085315229165
2024-11-10 14:05:00+00:00,79738.6599201779,,79738.6599201779,28.456952559299243
2024-11-10 14:06:00+00:00,79738.6599201779,,79738.6599201779,27.33870687209022
2024-11-10 14:08:00+00:00,79738.6599201779,,79738.6599201779,25.284477838263836
2024-11-10 14:11:00+00:00,79672.68437862291,79672.68437862291,,31.417707125694406
2024-11-10 14:12:00+00:00,79719.77557147537,79719.77557147537,,33.376892841540375
2024-11-10 14:14:00+00:00,79784.19086043217,79784.19086043217,,37.256692355945795
2024-11-10 14:16:00+00:00,79784.19086043217,79784.19086043217,,36.79088509631436
2024-11-10 14:17:00+00:00,79784.19086043217,79784.19086043217,,36.47324781483124
2024-11-10 14:18:00+00:00,79784.19086043217,79784.19086043217,,35.10991278621022
2024-11-10 14:19:00+00:00,79791.96941399215,79791.96941399215,,36.382591169282016
2024-11-10 14:20:00+00:00,79804.23284794741,79804.23284794741,,33.367696517529104
2024-11-10 14:22:00+00:00,79848.5604015431,79848.5604015431,,34.73767865229919
2024-11-10 14:24:00+00:00,79848.5604015431,79848.5604015431,,34.12587263845381
2024-11-10 14:26:00+00:00,79848.5604015431,79848.5604015431,,37.18190126223074
2024-11-10 14:28:00+00:00,79848.5604015431,79848.5604015431,,35.44732501111885
2024-11-10 14:29:00+00:00,79848.5604015431,79848.5604015431,,33.17512501010804
2024-11-10 14:30:00+00:00,79918.13812502757,,79918.13812502757,34.785625009189125
2024-11-10 14:32:00+00:00,79915.77045457052,,79915.77045457052,32.131818190171934
2024-11-10 14:34:00+00:00,79830.60382233684,,79830.60382233684,38.76116994561086
2024-11-10 14:36:00+00:00,79735.69168507894,,79735.69168507894,45.78004085964624
2024-11-10 14:37:00+00:00,79657.17212848086,,79657.17212848086,49.87248032695114
2024-11-10 14:38:00+00:00,79580.09895202804,,79580.09895202804,53.27256734268286
2024-11-10 14:40:00+00:00,79580.09895202804,,79580.09895202804,60.34011803880261
2024-11-10 14:42:00+00:00,79580.09895202804,,79580.09895202804,63.47610162618419
2024-11-10 14:43:00+00:00,79580.09895202804,,79580.09895202804,59.873160569258346
2024-11-10 14:44:00+00:00,79580.09895202804,,79580.09895202804,54.54733347205303
2024-11-10 14:46:00+00:00,79521.88761401469,,79521.88761401469,63.14743383823004
2024-11-10 14:48:00+00:00,79498.90990478608,,79498.90990478608,58.1262182620273
2024-11-10 14:50:00+00:00,79498.90990478608,,79498.90990478608,55.28519842002481
2024-11-10 14:52:00+00:00,79498.90990478608,,79498.90990478608,52.29904401820437
2024-11-10 14:53:00+00:00,79484.80137004965,,79484.80137004965,51.50410251654942
2024-11-10 14:54:00+00:00,79438.58434209059,,79438.58434209059,50.84321819686311
2024-11-10 14:56:00+00:00,79438.58434209059,,79438.58434209059,56.02792563351193
2024-11-10 14:58:00+00:00,79409.81943577224,79409.81943577224,,72.02112557591995
2024-11-10 15:00:00+00:00,79409.81943577224,79409.81943577224,,70.79193234174541
2024-11-10 15:03:00+00:00,79409.81943577224,79409.81943577224,,69.31013735613219
2024-11-10 15:04:00+00:00,79409.81943577224,79409.81943577224,,63.11006805102925
2024-11-10 15:05:00+00:00,79409.81943577224,79409.81943577224,,61.52264709184477
2024-11-10 15:06:00+00:00,79409.81943577224,79409.81943577224,,56.25567349258615
2024-11-10 15:09:00+00:00,79421.10810638385,79421.10810638385,,52.83115203871467
2024-11-10 15:10:00+00:00,79450.6472842126,79450.6472842126,,49.91965526246788
2024-11-10 15:12:00+00:00,79503.85264473873,79503.85264473873,,50.330368420425344
2024-11-10 15:14:00+00:00,79538.23819976248,79538.23819976248,,48.33726674584122
2024-11-10 15:17:00+00:00,79632.58018160226,79632.58018160226,,54.08785613258293
2024-11-10 15:18:00+00:00,79632.58018160226,79632.58018160226,,58.59833512052994
2024-11-10 15:20:00+00:00,79632.58018160226,79632.58018160226,,54.8649637459363
2024-11-10 15:22:00+00:00,79632.58018160226,79632.58018160226,,50.06616022357845
2024-11-10 15:24:00+00:00,79632.58018160226,79632.58018160226,,51.156736566889506
2024-11-10 15:26:00+00:00,79694.80814518243,,79694.80814518243,58.18084006080864
2024-11-10 15:29:00+00:00,79694.80814518243,,79694.80814518243,60.224059146189674
2024-11-10 15:30:00+00:00,79694.80814518243,,79694.80814518243,58.31377536017243
2024-11-10 15:32:00+00:00,79694.80814518243,,79694.80814518243,54.206415100156754
2024-11-10 15:34:00+00:00,79694.80814518243,,79694.80814518243,50.871598954687954
2024-11-10 15:35:00+00:00,79694.80814518243,,79694.80814518243,46.48838541335268
2024-11-10 15:36:00+00:00,79694.80814518243,,79694.80814518243,42.669128784866075
2024-11-10 15:37:00+00:00,79694.80814518243,,79694.80814518243,39.87037275896916
2024-11-10 15:38:00+00:00,79694.80814518243,,79694.80814518243,41.978747962699245
2024-11-10 15:40:00+00:00,79594.31719305627,79594.31719305627,,40.3187481479084
2024-11-10 15:41:00+00:00,79605.89276073298,79605.89276073298,,36.72585058900763
2024-11-10 15:43:00+00:00,79635.35776543907,79635.35776543907,,35.81824485364329
2024-11-10 15:44:00+00:00,79635.35776543907,79635.35776543907,,35.82553509422118
2024-11-10 15:46:00+00:00,79651.25351224303,79651.25351224303,,37.82435008565562
2024-11-10 15:47:00+00:00,79651.25351224303,79651.25351224303,,35.188329623323284
2024-11-10 15:48:00+00:00,79665.61776580002,79665.61776580002,,32.70032806665753
2024-11-10 15:50:00+00:00,79665.61776580002,79665.61776580002,,31.328423242415933
2024-11-10 15:52:00+00:00,79665.61776580002,79665.61776580002,,30.77654953855994
2024-11-10 15:53:00+00:00,79665.61776580002,79665.61776580002,,28.350840489599943
2024-11-10 15:54:00+00:00,79665.61776580002,79665.61776580002,,25.958150445090855
2024-11-10 15:56:00+00:00,79665.61776580002,79665.61776580002,,24.703432222809862
2024-11-10 15:58:00+00:00,79665.61776580002,79665.61776580002,,23.831955429827143
2024-11-10 16:01:00+00:00,79678.44125791865,79678.44125791865,,23.35291402711558
2024-11-10 16:02:00+00:00,79713.23637083513,79713.23637083513,,24.78318888828689
2024-11-10 16:04:00+00:00,79713.23637083513,79713.23637083513,,28.356166034806268
2024-11-10 16:05:00+00:00,79713.23637083513,79713.23637083513,,26.68955434982388
2024-11-10 16:06:00+00:00,79762.93671072679,,79762.93671072679,27.1794244089308
2024-11-10 16:08:00+00:00,79746.83095861526,,79746.83095861526,25.79521537175527
2024-11-10 16:10:00+00:00,79719.63680896843,,79719.63680896843,25.970082156141157
2024-11-10 16:11:00+00:00,79719.63680896843,,79719.63680896843,25.847801960128326
2024-11-10 16:12:00+00:00,79719.63680896843,,79719.63680896843,24.634365418298476
2024-11-10 16:13:00+00:00,79719.63680896843,,79719.63680896843,22.792604925725882
2024-11-10 16:14:00+00:00,79657.1785490662,79657.1785490662,,28.35975447793263
2024-11-10 16:16:00+00:00,79657.1785490662,79657.1785490662,,31.084151798120573
2024-11-10 16:17:00+00:00,79730.17623785851,,79730.17623785851,33.07437095283689
2024-11-10 16:18:00+00:00,79730.17623785851,,79730.17623785851,31.830394048033533
2024-11-10 16:19:00+00:00,79716.93232467645,,79716.93232467645,31.464420725485027
2024-11-10 16:20:00+00:00,79700.23180084223,,79700.23180084223,29.618933614077296
2024-11-10 16:22:00+00:00,79673.2732280384,,79673.2732280384,29.28638851279754
2024-11-10 16:24:00+00:00,79650.41103117127,,79650.41103117127,28.483364557088674
2024-11-10 16:25:00+00:00,79650.41103117127,,79650.41103117127,31.793825733716982
2024-11-10 16:26:00+00:00,79562.1432593626,79562.1432593626,,31.277767712469984
2024-11-10 16:29:00+00:00,79595.69628692053,79595.69628692053,,31.56217519315453
2024-11-10 16:30:00+00:00,79618.79847106412,79618.79847106412,,30.50467631195866
2024-11-10 16:31:00+00:00,79674.80542824011,79674.80542824011,,33.69246141996242
2024-11-10 16:32:00+00:00,79712.20450862737,79712.20450862737,,34.15578879087493
2024-11-10 16:34:00+00:00,79712.20450862737,79712.20450862737,,33.097592082613566
2024-11-10 16:36:00+00:00,79712.20450862737,79712.20450862737,,30.728634847830516
2024-11-10 16:37:00+00:00,79712.20450862737,79712.20450862737,,29.178730543482285
2024-11-10 16:38:00+00:00,79721.96851897232,79721.96851897232,,26.869868675892985
2024-11-10 16:40:00+00:00,79729.8705286112,79729.8705286112,,24.498886296266345
2024-11-10 16:41:00+00:00,79730.85459987381,79730.85459987381,,22.678675042060313
2024-11-10 16:42:00+00:00,79740.10219306711,79740.10219306711,,20.999789810963918
2024-11-10 16:43:00+00:00,79761.44304483374,79761.44304483374,,21.042422555421744
2024-11-10 16:44:00+00:00,79768.54552371248,79768.54552371248,,19.29992959583795
2024-11-10 16:46:00+00:00,79780.37732269317,79780.37732269317,,18.36641326894359
2024-11-10 16:48:00+00:00,79780.37732269317,79780.37732269317,,19.623585926312355
2024-11-10 16:49:00+00:00,79780.37732269317,79780.37732269317,,18.40425425119305
2024-11-10 16:50:00+00:00,79796.84327863962,,79796.84327863962,23.033697046539142
2024-11-10 16:53:00+00:00,79796.84327863962,,79796.84327863962,23.15776436049013
2024-11-10 16:54:00+00:00,79796.84327863962,,79796.84327863962,21.396263054991028
2024-11-10 16:55:00+00:00,79796.84327863962,,79796.84327863962,20.92415959544639
2024-11-10 16:56:00+00:00,79796.84327863962,,79796.84327863962,19.33304281404217
2024-11-10 16:59:00+00:00,79796.84327863962,,79796.84327863962,18.483874149129242
2024-11-10 17:02:00+00:00,79757.5773602751,79757.5773602751,,19.60962990829931
2024-11-10 17:04:00+00:00,79757.5773602751,79757.5773602751,,18.348953325726644
2024-11-10 17:05:00+00:00,79761.15555342984,79761.15555342984,,16.747628023387854
2024-11-10 17:06:00+00:00,79762.5512133453,79762.5512133453,,15.451678884898048
2024-11-10 17:08:00+00:00,79762.5512133453,79762.5512133453,,14.960333077180042
2024-11-10 17:10:00+00:00,79762.5512133453,79762.5512133453,,14.162092570163674
2024-11-10 17:12:00+00:00,79762.5512133453,79762.5512133453,,14.636703472876068
2024-11-10 17:14:00+00:00,79796.90265719875,,79796.90265719875,15.345156566250973
2024-11-10 17:16:00+00:00,79794.46761449886,,79794.46761449886,14.075142332955426
2024-11-10 17:17:00+00:00,79771.37325749897,,79771.37325749897,15.202544166323117
2024-11-10 17:18:00+00:00,79771.37325749897,,79771.37325749897,14.880153787566469
2024-11-10 17:20:00+00:00,79724.41918285209,79724.41918285209,,16.974855715969518
2024-11-10 17:22:00+00:00,79760.8441435019,79760.8441435019,,19.406118832699566
2024-11-10 17:24:00+00:00,79760.8441435019,79760.8441435019,,19.068062575181422
2024-11-10 17:26:00+00:00,79760.8441435019,79760.8441435019,,19.429062568346747
2024-11-10 17:28:00+00:00,79760.8441435019,79760.8441435019,,21.020028471224318
2024-11-10 17:29:00+00:00,79766.47236553303,79766.47236553303,,19.92587815565847
2024-11-10 17:30:00+00:00,79778.45215048456,79778.45215048456,,18.932616505144065
2024-11-10 17:31:00+00:00,79802.51331862234,79802.51331862234,,19.573685459221878
2024-11-10 17:32:00+00:00,79830.55046011122,79830.55046011122,,20.63161746292898
2024-11-10 17:34:00+00:00,79879.51249214656,79879.51249214656,,24.172919284480894
2024-11-10 17:36:00+00:00,79896.27556104232,79896.27556104232,,23.24668798589172
2024-11-10 17:37:00+00:00,79896.27556104232,79896.27556104232,,21.955085668992474
2024-11-10 17:38:00+00:00,79950.50246522092,79950.50246522092,,26.634594926356797
2024-11-10 17:40:00+00:00,80140.08462747357,80140.08462747357,,47.003040842142575
2024-11-10 17:41:00+00:00,80140.08462747357,80140.08462747357,,46.16327576558415
2024-11-10 17:42:00+00:00,80140.08462747357,80140.08462747357,,43.40127342325832
2024-11-10 17:43:00+00:00,80182.27635657293,80182.27635657293,,44.64746447568938
2024-11-10 17:44:00+00:00,80182.27635657293,80182.27635657293,,42.17241088699034
2024-11-10 17:46:00+00:00,80182.27635657293,80182.27635657293,,48.107731488173044
2024-11-10 17:48:00+00:00,80182.27635657293,80182.27635657293,,51.652625216520946
2024-11-10 17:50:00+00:00,80182.27635657293,80182.27635657293,,48.730369515019035
2024-11-10 17:52:00+00:00,80409.9704410954,80409.9704410954,,74.91610296819916
2024-11-10 17:53:00+00:00,80409.9704410954,80409.9704410954,,72.72344588018105
2024-11-10 17:54:00+00:00,80458.82384078132,80458.82384078132,,75.26705307289185
2024-11-10 17:56:00+00:00,80458.82384078132,80458.82384078132,,74.2747357480835
2024-11-10 17:58:00+00:00,80458.82384078132,80458.82384078132,,72.24691886189409
2024-11-10 18:00:00+00:00,80674.42696621426,,80674.42696621426,77.04336373808553
2024-11-10 18:02:00+00:00,80674.42696621426,,80674.42696621426,78.5458136255323
2024-11-10 18:05:00+00:00,80423.74224124855,80423.74224124855,,84.04164875048392
2024-11-10 18:06:00+00:00,80423.74224124855,80423.74224124855,,82.0215272731672
2024-11-10 18:08:00+00:00,80526.78361880046,80526.78361880046,,91.61900206651563
2024-11-10 18:10:00+00:00,80609.77061936405,80609.77061936405,,90.54000187865057
2024-11-10 18:13:00+00:00,80654.5997107855,80654.5997107855,,84.82613807150051
2024-11-10 18:14:00+00:00,80654.5997107855,80654.5997107855,,82.05572211045501
2024-11-10 18:17:00+00:00,80669.3075476533,80669.3075476533,,79.39227578223182
2024-11-10 18:18:00+00:00,80721.09635013937,80721.09635013937,,75.94184162021074
2024-11-10 18:20:00+00:00,80988.69507941876,,80988.69507941876,89.95565147291887
2024-11-10 18:23:00+00:00,80988.69507941876,,80988.69507941876,90.65428542992625
2024-11-10 18:24:00+00:00,80988.69507941876,,80988.69507941876,83.41795834538749
2024-11-10 18:25:00+00:00,80988.69507941876,,80988.69507941876,76.17541667762498
2024-11-10 18:26:00+00:00,80988.69507941876,,80988.69507941876,70.9407197069318
2024-11-10 18:28:00+00:00,80763.02175875382,80763.02175875382,,81.52139291539255
2024-11-10 18:29:00+00:00,80763.02175875382,80763.02175875382,,78.08620946853868
2024-11-10 18:30:00+00:00,80763.02175875382,80763.02175875382,,74.80919610776243
2024-11-10 18:32:00+00:00,80763.02175875382,80763.02175875382,,73.2754055525113
2024-11-10 18:34:00+00:00,80763.02175875382,80763.02175875382,,70.19141982046482
2024-11-10 18:36:00+00:00,80763.02175875382,80763.02175875382,,69.7656373367862
2024-11-10 18:37:00+00:00,80763.02175875382,80763.02175875382,,68.77486916980563
2024-11-10 18:38:00+00:00,80763.02175875382,80763.02175875382,,64.29604583618692
2024-11-10 18:40:00+00:00,80763.02175875382,80763.02175875382,,60.685325760169924
2024-11-10 18:41:00+00:00,80763.02175875382,80763.02175875382,,56.672029100154475
2024-11-10 18:42:00+00:00,80763.02175875382,80763.02175875382,,55.27712872741316
2024-11-10 18:44:00+00:00,80763.02175875382,80763.02175875382,,51.228497706739226
2024-11-10 18:46:00+00:00,80763.02175875382,80763.02175875382,,54.88528200612657
2024-11-10 18:48:00+00:00,80763.02175875382,80763.02175875382,,52.527813187387785
2024-11-10 18:50:00+00:00,80763.02175875382,80763.02175875382,,51.46704607944344
2024-11-10 18:52:00+00:00,80763.02175875382,80763.02175875382,,50.731405526766764
2024-11-10 18:54:00+00:00,80763.02175875382,80763.02175875382,,52.55624934251525
2024-11-10 18:56:00+00:00,80763.02175875382,80763.02175875382,,53.61931758410477
2024-11-10 18:58:00+00:00,80846.80339454756,,80846.80339454756,56.692277349186156
2024-11-10 19:00:00+00:00,80778.05209163415,,80778.05209163415,58.199655544714695
2024-11-10 19:02:00+00:00,80778.05209163415,,80778.05209163415,61.824260722467905
2024-11-10 19:04:00+00:00,80778.05209163415,,80778.05209163415,56.45600406587991
2024-11-10 19:05:00+00:00,80778.05209163415,,80778.05209163415,55.129748014436274
2024-11-10 19:06:00+00:00,80636.13832927881,80636.13832927881,,55.85232774039661
2024-11-10 19:08:00+00:00,80636.13832927881,80636.13832927881,,52.225837718542365
2024-11-10 19:10:00+00:00,80680.2548175858,80680.2548175858,,51.84735247140215
2024-11-10 19:12:00+00:00,80738.48591371436,80738.48591371436,,52.645320428547414
2024-11-10 19:13:00+00:00,80738.48591371436,80738.48591371436,,49.638501525952194
2024-11-10 19:14:00+00:00,80738.48591371436,80738.48591371436,,51.981734341774725
2024-11-10 19:16:00+00:00,80841.96723002302,,80841.96723002302,59.91095167434067
2024-11-10 19:17:00+00:00,80715.10515229366,,80715.10515229366,68.2798424312188
2024-11-10 19:18:00+00:00,80677.27314981242,,80677.27314981242,64.47386243747162
2024-11-10 19:21:00+00:00,80615.85414187492,,80615.85414187492,64.0920056249742
2024-11-10 19:22:00+00:00,80582.85745852266,,80582.85745852266,60.20509034088564
2024-11-10 19:24:00+00:00,80582.85745852266,,80582.85745852266,57.2595991735324
2024-11-10 19:25:00+00:00,80582.85745852266,,80582.85745852266,57.33543106684764
2024-11-10 19:26:00+00:00,80557.71452790959,,80557.71452790959,62.9725509698615
2024-11-10 19:28:00+00:00,80505.36405946326,,80505.36405946326,61.644790654419545
2024-11-10 19:29:00+00:00,80505.36405946326,,80505.36405946326,60.22963923129049
2024-11-10 19:31:00+00:00,80505.36405946326,,80505.36405946326,59.35791066480953
2024-11-10 19:32:00+00:00,80505.36405946326,,80505.36405946326,57.833185831645025
2024-11-10 19:34:00+00:00,80505.36405946326,,80505.36405946326,54.18073711967729
2024-11-10 19:36:00+00:00,80403.87076032639,,80403.87076032639,61.85535760879755
2024-11-10 19:38:00+00:00,80403.87076032639,,80403.87076032639,66.6163762352705
2024-11-10 19:40:00+00:00,80396.57591245983,,80396.57591245983,75.26488748660955
2024-11-10 19:41:00+00:00,80396.57591245983,,80396.57591245983,73.89847726055415
2024-11-10 19:42:00+00:00,80396.57591245983,,80396.57591245983,67.72162705504923
2024-11-10 19:44:00+00:00,80395.99364196832,,80395.99364196832,64.77392232277202
2024-11-10 19:47:00+00:00,80019.41893588028,,80019.41893588028,103.74902029342914
2024-11-10 19:48:00+00:00,79813.7601121639,,79813.7601121639,116.48774572129925
2024-11-10 19:50:00+00:00,79813.7601121639,,79813.7601121639,132.74454156481752
2024-11-10 19:52:00+00:00,79813.7601121639,,79813.7601121639,121.25214005892501
2024-11-10 19:53:00+00:00,79813.7601121639,,79813.7601121639,110.60492846265907
2024-11-10 19:54:00+00:00,79519.96454169275,79519.96454169275,,109.60817360241732
2024-11-10 19:56:00+00:00,79519.96454169275,79519.96454169275,,101.88669191128848
2024-11-10 19:58:00+00:00,79519.96454169275,79519.96454169275,,107.38775969208045
2024-11-10 20:00:00+00:00,79519.96454169275,79519.96454169275,,106.2687019928004
2024-11-10 20:01:00+00:00,79519.96454169275,79519.96454169275,,97.66899044800036
2024-11-10 20:02:00+00:00,79619.51354877818,79619.51354877818,,103.46683790727307
2024-11-10 20:04:00+00:00,79619.51354877818,79619.51354877818,,103.27667082479371
2024-11-10 20:05:00+00:00,79619.51354877818,79619.51354877818,,99.66984279526702
2024-11-10 20:06:00+00:00,79619.51354877818,79619.51354877818,,91.88167526842454
2024-11-10 20:08:00+00:00,79887.57502345934,,79887.57502345934,97.77240365311324
2024-11-10 20:10:00+00:00,79808.6711860994,,79808.6711860994,95.41383286646659
2024-11-10 20:12:00+00:00,79808.6711860994,,79808.6711860994,92.57720601496963
2024-11-10 20:14:00+00:00,79785.80573231356,,79785.80573231356,90.82586910451785
2024-11-10 20:16:00+00:00,79706.1884498305,,79706.1884498305,89.4247957768344
2024-11-10 20:17:00+00:00,79612.12373280046,,79612.12373280046,90.00478593348582
2024-11-10 20:19:00+00:00,79612.12373280046,,79612.12373280046,86.1691235758962
2024-11-10 20:20:00+00:00,79612.12373280046,,79612.12373280046,80.2304532508147
2024-11-10 20:22:00+00:00,79612.12373280046,,79612.12373280046,81.99785522801336
2024-11-10 20:24:00+00:00,79612.12373280046,,79612.12373280046,75.09748202546669
2024-11-10 20:27:00+00:00,79612.12373280046,,79612.12373280046,71.74629047769699
2024-11-10 20:28:00+00:00,79612.12373280046,,79612.12373280046,66.40074702517907
2024-11-10 20:29:00+00:00,79612.12373280046,,79612.12373280046,65.95806547743551
2024-11-10 20:30:00+00:00,79612.12373280046,,79612.12373280046,61.236025434032285
2024-11-10 20:32:00+00:00,79612.12373280046,,79612.12373280046,59.21598903093844
2024-11-10 20:34:00+00:00,79612.12373280046,,79612.12373280046,55.73683661903494
2024-11-10 20:37:00+00:00,79570.05216805192,,79570.05216805192,70.93405601730451
2024-11-10 20:38:00+00:00,79570.05216805192,,79570.05216805192,69.2894827430041
2024-11-10 20:40:00+00:00,79507.47415748092,,79507.47415748092,74.4393024936401
2024-11-10 20:41:00+00:00,79507.47415748092,,79507.47415748092,70.47251931240008
2024-11-10 20:43:00+00:00,79449.73826289746,,79449.73826289746,71.24348346581826
2024-11-10 20:44:00+00:00,79405.85935831587,,79405.85935831587,67.82291110528932
2024-11-10 20:46:00+00:00,79405.85935831587,,79405.85935831587,73.49454986844484
2024-11-10 20:48:00+00:00,79405.85935831587,,79405.85935831587,81.38353965313168
2024-11-10 20:50:00+00:00,79405.85935831587,,79405.85935831587,83.26628604830152
2024-11-10 20:52:00+00:00,79405.85935831587,,79405.85935831587,78.44165208936502
2024-11-10 20:54:00+00:00,79400.03334092554,,79400.03334092554,78.57621780851366
2024-11-10 20:56:00+00:00,79384.32079288685,,79384.32079288685,71.84130596228513
2024-11-10 20:59:00+00:00,79287.8527094426,,79287.8527094426,74.91965314753195
2024-11-10 21:01:00+00:00,79224.93144040236,,79224.93144040236,73.41985513411996
2024-11-10 21:02:00+00:00,79224.93144040236,,79224.93144040236,70.94773762192723
2024-11-10 21:04:00+00:00,79108.63090374162,,79108.63090374162,81.46811374720659
2024-11-10 21:05:00+00:00,79099.29869090147,,79099.29869090147,74.98237613382416
2024-11-10 21:06:00+00:00,79099.29869090147,,79099.29869090147,74.7623873943856
2024-11-10 21:08:00+00:00,79085.80580084832,,79085.80580084832,76.09151694944146
2024-11-10 21:10:00+00:00,79016.50811440757,,79016.50811440757,75.24228813585587
2024-11-10 21:11:00+00:00,78971.54430855233,,78971.54430855233,71.45747785077806
2024-11-10 21:12:00+00:00,78922.72636004757,,78922.72636004757,68.6275366825255
2024-11-10 21:14:00+00:00,78922.72636004757,,78922.72636004757,66.52432312047773
2024-11-10 21:16:00+00:00,78874.46278353505,78874.46278353505,,97.17125965497979
2024-11-10 21:18:00+00:00,78991.21971798642,78991.21971798642,,99.61946900452708
2024-11-10 21:20:00+00:00,78994.97247089674,78994.97247089674,,92.23573886775188
2024-11-10 21:22:00+00:00,79050.01971786068,79050.01971786068,,87.58717737977443
2024-11-10 21:24:00+00:00,79079.7025844188,79079.7025844188,,80.34913852706765
2024-11-10 21:26:00+00:00,79182.21825856254,79182.21825856254,,83.11995547915242
2024-11-10 21:28:00+00:00,79241.48961005686,79241.48961005686,,80.13887998104765
2024-11-10 21:29:00+00:00,79299.15816823351,79299.15816823351,,77.33008975549785
2024-11-10 21:30:00+00:00,79372.40160180318,79372.40160180318,,76.81925773227078
2024-11-10 21:32:00+00:00,79389.75287663926,79389.75287663926,,70.09279112024616
2024-11-10 21:34:00+00:00,79508.32931967206,79508.32931967206,,76.1532476093147
2024-11-10 21:36:00+00:00,79508.32931967206,79508.32931967206,,81.45749782664974
2024-11-10 21:37:00+00:00,79508.32931967206,79508.32931967206,,75.13607756968158
2024-11-10 21:38:00+00:00,79508.32931967206,79508.32931967206,,76.84458756334689
2024-11-10 21:40:00+00:00,79508.32931967206,79508.32931967206,,72.81468187576989
2024-11-10 21:42:00+00:00,79508.32931967206,79508.32931967206,,77.65397215979083
2024-11-10 21:44:00+00:00,79508.32931967206,79508.32931967206,,81.71099741799166
2024-11-10 21:46:00+00:00,79508.32931967206,79508.32931967206,,85.49224197090152
2024-11-10 21:48:00+00:00,79508.32931967206,79508.32931967206,,78.03271997354682
2024-11-10 21:50:00+00:00,79508.32931967206,79508.32931967206,,74.84650679413346
2024-11-10 21:52:00+00:00,79531.29290760691,79531.29290760691,,70.04298913103041
2024-11-10 21:53:00+00:00,79640.08304100628,79640.08304100628,,74.8863821645731
2024-11-10 21:54:00+00:00,79685.1145543239,79685.1145543239,,71.15452355870282
2024-11-10 21:56:00+00:00,79699.15101529445,79699.15101529445,,65.06945323518437
2024-11-10 21:58:00+00:00,79699.15101529445,79699.15101529445,,61.78046885016761
2024-11-10 22:00:00+00:00,79740.294744045,79740.294744045,,61.578835318334185
2024-11-10 22:02:00+00:00,79779.87306276818,79779.87306276818,,58.82877074394017
2024-11-10 22:04:00+00:00,79779.87306276818,79779.87306276818,,57.70087113085469
2024-11-10 22:05:00+00:00,79779.87306276818,79779.87306276818,,53.82394534623154
2024-11-10 22:06:00+00:00,79779.87306276818,79779.87306276818,,48.96281963293776
2024-11-10 22:08:00+00:00,80027.22498054654,80027.22498054654,,74.0265689844889
2024-11-10 22:10:00+00:00,80088.65836299685,80088.65836299685,,72.45242066771718
2024-11-10 22:12:00+00:00,80088.65836299685,80088.65836299685,,67.64850742519744
2024-11-10 22:13:00+00:00,80135.5523661131,80135.5523661131,,65.70389879563403
2024-11-10 22:14:00+00:00,80180.340929421,80180.340929421,,63.089481859667295
2024-11-10 22:17:00+00:00,80520.91078810999,80520.91078810999,,97.77452896333395
2024-11-10 22:18:00+00:00,80606.01406873636,80606.01406873636,,96.1906229212127
2024-11-10 22:20:00+00:00,80606.01406873636,80606.01406873636,,95.25496970110244
2024-11-10 22:22:00+00:00,80686.52053717882,80686.52053717882,,103.7978417737295
2024-11-10 22:23:00+00:00,81048.47108493529,81048.47108493529,,136.06693002157232
2024-11-10 22:24:00+00:00,81048.47108493529,81048.47108493529,,149.6922375196112
2024-11-10 22:26:00+00:00,81048.47108493529,81048.47108493529,,142.60444888146475
2024-11-10 22:28:00+00:00,81048.47108493529,81048.47108493529,,144.93444216496795
2024-11-10 22:29:00+00:00,81356.82404681355,,81356.82404681355,145.84239060451634
2024-11-10 22:31:00+00:00,81356.82404681355,,81356.82404681355,146.3695028222876
2024-11-10 22:32:00+00:00,81356.82404681355,,81356.82404681355,141.15835483844324
2024-11-10 22:34:00+00:00,81107.95886546848,,81107.95886546848,160.6894134894939
2024-11-10 22:36:00+00:00,80947.74811633499,,80947.74811633499,160.62958044499445
2024-11-10 22:37:00+00:00,80947.74811633499,,80947.74811633499,164.58015835908586
2024-11-10 22:38:00+00:00,80947.74811633499,,80947.74811633499,153.44929169007804
2024-11-10 22:40:00+00:00,80947.74811633499,,80947.74811633499,144.67194130916184
2024-11-10 22:41:00+00:00,80947.74811633499,,80947.74811633499,138.87648073560166
2024-11-10 22:42:00+00:00,80917.22989064256,,80917.22989064256,130.72506771418333
2024-11-10 22:45:00+00:00,80827.01509944777,,80827.01509944777,125.66128314925756
2024-11-10 22:46:00+00:00,80788.40293131616,,80788.40293131616,114.78014377205231
2024-11-10 22:48:00+00:00,80638.18448301469,,80638.18448301469,119.2099318382294
2024-11-10 22:50:00+00:00,80638.18448301469,,80638.18448301469,125.03814826202674
2024-11-10 22:52:00+00:00,80638.18448301469,,80638.18448301469,119.29533364729703
2024-11-10 22:53:00+00:00,80638.18448301469,,80638.18448301469,116.59021808845185
2024-11-10 22:54:00+00:00,80638.18448301469,,80638.18448301469,116.38528348950169
2024-11-10 22:56:00+00:00,80323.03658480136,80323.03658480136,,110.12582589954697
2024-11-10 22:58:00+00:00,80387.60499186488,80387.60499186488,,104.4311485450427
2024-11-10 23:01:00+00:00,80756.25043353194,,80756.25043353194,123.61993617731157
2024-11-10 23:02:00+00:00,80717.4052236654,,80717.4052236654,113.02309538846505
2024-11-10 23:04:00+00:00,80662.35347037764,,80662.35347037764,105.77667762587731
2024-11-10 23:05:00+00:00,80598.90301284331,,80598.90301284331,100.48590011443392
2024-11-10 23:06:00+00:00,80598.90301284331,,80598.90301284331,98.4047955585763
2024-11-10 23:08:00+00:00,80598.90301284331,,80598.90301284331,91.5689902805239
2024-11-10 23:10:00+00:00,80523.17537121961,,80523.17537121961,93.04283207320356
2024-11-10 23:12:00+00:00,80523.17537121961,,80523.17537121961,98.5680575665487
2024-11-10 23:13:00+00:00,80523.17537121961,,80523.17537121961,90.27209778777154
2024-11-10 23:15:00+00:00,80523.17537121961,,80523.17537121961,82.34182185251957
2024-11-10 23:16:00+00:00,80523.17537121961,,80523.17537121961,83.89455395683598
2024-11-10 23:17:00+00:00,80296.25206875408,80296.25206875408,,80.27274791530543
2024-11-10 23:19:00+00:00,80325.79236364008,80325.79236364008,,73.9311912866413
2024-11-10 23:20:00+00:00,80325.79236364008,80325.79236364008,,69.86855457876482
2024-11-10 23:22:00+00:00,80373.14541933064,80373.14541933064,,69.1859018897862
2024-11-10 23:24:00+00:00,80373.14541933064,80373.14541933064,,80.38135967253292
2024-11-10 23:26:00+00:00,80373.14541933064,80373.14541933064,,73.30691788412084
2024-11-10 23:28:00+00:00,80373.14541933064,80373.14541933064,,67.45799353101893
2024-11-10 23:29:00+00:00,80556.81796531187,,80556.81796531187,61.82473843728993
2024-11-10 23:30:00+00:00,80556.81796531187,,80556.81796531187,58.58640994299084
2024-11-10 23:32:00+00:00,80505.26549302634,,80505.26549302634,59.76818517544622
2024-11-10 23:34:00+00:00,80505.26549302634,,80505.26549302634,59.79138993222384
2024-11-10 23:36:00+00:00,80323.80899336666,80323.80899336666,,66.96731471111259
2024-11-10 23:37:00+00:00,80358.37394283334,80358.37394283334,,62.9170190555569
2024-11-10 23:38:00+00:00,80390.3115389394,80390.3115389394,,59.0445911868699
2024-11-10 23:40:00+00:00,80521.072606646,,80521.072606646,79.6023272153363
2024-11-10 23:41:00+00:00,80394.56174467818,,80394.56174467818,85.46589405939665
2024-11-10 23:42:00+00:00,80394.56174467818,,80394.56174467818,81.40507414490604
2024-11-10 23:44:00+00:00,80394.56174467818,,80394.56174467818,80.58770944991458
2024-11-10 23:46:00+00:00,80394.56174467818,,80394.56174467818,75.84962222719507
2024-11-10 23:48:00+00:00,80394.56174467818,,80394.56174467818,74.37749747926824
2024-11-10 23:50:00+00:00,80394.56174467818,,80394.56174467818,70.4085204356984
2024-11-10 23:52:00+00:00,80394.56174467818,,80394.56174467818,65.45731971427128
2024-11-10 23:53:00+00:00,80223.80887237017,80223.80887237017,,61.527250876610246
2024-11-10 23:54:00+00:00,80252.40153170015,80252.40153170015,,57.41042693328204
2024-11-10 23:56:00+00:00,80271.92823904559,80271.92823904559,,52.67496198480185
2024-11-10 23:58:00+00:00,80306.70891049599,80306.70891049599,,50.438175668001676
