Price,Adj Close,Close,High,Low,Open,Volume,st,s_upt,st_dt,atr
Ticker,BTC-USD,BTC-USD,BTC-USD,BTC-USD,BTC-USD,BTC-USD,,,,
Datetime,,,,,,,,,,
2024-11-10 00:00:00+00:00,76721.08594,76721.08594,76721.08594,76721.08594,76721.08594,0,,,,0
2024-11-10 00:02:00+00:00,76663.45313,76663.45313,76663.45313,76663.45313,76663.45313,0,76754.01897,,76754.01897,30.18861607
2024-11-10 00:05:00+00:00,76580.65625,76580.65625,76580.65625,76580.65625,76580.65625,43026432,76728.91635,,76728.91635,49.42003399
2024-11-10 00:06:00+00:00,76610.03125,76610.03125,76610.03125,76610.03125,76610.03125,14481408,76728.91635,,76728.91635,43.67128582
2024-11-10 00:07:00+00:00,76650.33594,76650.33594,76650.33594,76650.33594,76650.33594,6422528,76728.91635,,76728.91635,42.86392204
2024-11-10 00:10:00+00:00,76630.09375,76630.09375,76630.09375,76630.09375,76630.09375,98746368,,,,
2024-11-10 00:11:00+00:00,76641.35938,76641.35938,76641.35938,76641.35938,76641.35938,58916864,,,,
2024-11-10 00:12:00+00:00,76664.13281,76664.13281,76664.13281,76664.13281,76664.13281,0,,,,
2024-11-10 00:13:00+00:00,76669.49219,76669.49219,76669.49219,76669.49219,76669.49219,2551808,,,,
2024-11-10 00:14:00+00:00,76695.03906,76695.03906,76695.03906,76695.03906,76695.03906,39446528,,,,
2024-11-10 00:16:00+00:00,76748.80469,76748.80469,76748.80469,76748.80469,76748.80469,190464,,,,
2024-11-10 00:17:00+00:00,76747.69531,76747.69531,76747.69531,76747.69531,76747.69531,28930048,,,,
2024-11-10 00:18:00+00:00,76751.3125,76751.3125,76751.3125,76751.3125,76751.3125,0,,,,
2024-11-10 00:20:00+00:00,76749.22656,76749.22656,76749.22656,76749.22656,76749.22656,4700160,,,,
2024-11-10 00:22:00+00:00,76660.70313,76660.70313,76660.70313,76660.70313,76660.70313,4890624,,,,
2024-11-10 00:24:00+00:00,76752.39063,76752.39063,76752.39063,76752.39063,76752.39063,591872,,,,
2024-11-10 00:25:00+00:00,76761.05469,76761.05469,76761.05469,76761.05469,76761.05469,4483072,,,,
2024-11-10 00:26:00+00:00,76808.07031,76808.07031,76808.07031,76808.07031,76808.07031,27404288,,,,
2024-11-10 00:28:00+00:00,76901.40625,76901.40625,76901.40625,76901.40625,76901.40625,15050752,,,,
2024-11-10 00:29:00+00:00,76872.09375,76872.09375,76872.09375,76872.09375,76872.09375,102285312,,,,
2024-11-10 00:30:00+00:00,76830.52344,76830.52344,76830.52344,76830.52344,76830.52344,0,,,,
2024-11-10 00:33:00+00:00,76768.10156,76768.10156,76768.10156,76768.10156,76768.10156,94765056,,,,
2024-11-10 00:35:00+00:00,76770.4375,76770.4375,76770.4375,76770.4375,76770.4375,49346560,,,,
2024-11-10 00:36:00+00:00,76719.16406,76719.16406,76719.16406,76719.16406,76719.16406,0,,,,
2024-11-10 00:37:00+00:00,76719.64844,76719.64844,76719.64844,76719.64844,76719.64844,456704,,,,
2024-11-10 00:38:00+00:00,76747.63281,76747.63281,76747.63281,76747.63281,76747.63281,40001536,,,,
2024-11-10 00:40:00+00:00,76823.94531,76823.94531,76823.94531,76823.94531,76823.94531,15757312,,,,
2024-11-10 00:41:00+00:00,76807.59375,76807.59375,76807.59375,76807.59375,76807.59375,12163072,,,,
2024-11-10 00:42:00+00:00,76815.15625,76815.15625,76815.15625,76815.15625,76815.15625,0,,,,
2024-11-10 00:46:00+00:00,76933.08594,76933.08594,76933.08594,76933.08594,76933.08594,10795008,,,,
2024-11-10 00:48:00+00:00,76987.22656,76987.22656,76987.22656,76987.22656,76987.22656,71440384,,,,
2024-11-10 00:50:00+00:00,76916.3125,76916.3125,76916.3125,76916.3125,76916.3125,90384384,,,,
2024-11-10 00:51:00+00:00,76942.27344,76942.27344,76942.27344,76942.27344,76942.27344,0,,,,
2024-11-10 00:53:00+00:00,76950.40625,76950.40625,76950.40625,76950.40625,76950.40625,0,,,,
2024-11-10 00:55:00+00:00,76946.10156,76946.10156,76946.10156,76946.10156,76946.10156,24700928,,,,
2024-11-10 00:57:00+00:00,77011.79688,77011.79688,77011.79688,77011.79688,77011.79688,9189376,,,,
2024-11-10 00:58:00+00:00,77070.53125,77070.53125,77070.53125,77070.53125,77070.53125,3540992,,,,
2024-11-10 01:00:00+00:00,76923.91406,76923.91406,76923.91406,76923.91406,76923.91406,60807168,,,,
2024-11-10 01:01:00+00:00,76854.04688,76854.04688,76854.04688,76854.04688,76854.04688,14217216,,,,
2024-11-10 01:02:00+00:00,76831.8125,76831.8125,76831.8125,76831.8125,76831.8125,129945600,,,,
2024-11-10 01:05:00+00:00,76933.57813,76933.57813,76933.57813,76933.57813,76933.57813,50765824,,,,
2024-11-10 01:07:00+00:00,76916.35156,76916.35156,76916.35156,76916.35156,76916.35156,4624384,,,,
2024-11-10 01:08:00+00:00,76871.44531,76871.44531,76871.44531,76871.44531,76871.44531,36884480,,,,
2024-11-10 01:10:00+00:00,76757.82813,76757.82813,76757.82813,76757.82813,76757.82813,7919616,,,,
2024-11-10 01:12:00+00:00,76798.38281,76798.38281,76798.38281,76798.38281,76798.38281,50444288,,,,
2024-11-10 01:13:00+00:00,76771.50781,76771.50781,76771.50781,76771.50781,76771.50781,0,,,,
2024-11-10 01:14:00+00:00,76777.71875,76777.71875,76777.71875,76777.71875,76777.71875,40323072,,,,
2024-11-10 01:16:00+00:00,76805.28906,76805.28906,76805.28906,76805.28906,76805.28906,5017600,,,,
2024-11-10 01:17:00+00:00,76789.11719,76789.11719,76789.11719,76789.11719,76789.11719,48443392,,,,
2024-11-10 01:18:00+00:00,76757.92188,76757.92188,76757.92188,76757.92188,76757.92188,0,,,,
2024-11-10 01:21:00+00:00,76754.33594,76754.33594,76754.33594,76754.33594,76754.33594,30111744,,,,
2024-11-10 01:22:00+00:00,76747.1875,76747.1875,76747.1875,76747.1875,76747.1875,1703936,,,,
2024-11-10 01:23:00+00:00,76752.94531,76752.94531,76752.94531,76752.94531,76752.94531,21159936,,,,
2024-11-10 01:24:00+00:00,76751.44531,76751.44531,76751.44531,76751.44531,76751.44531,15708160,,,,
2024-11-10 01:26:00+00:00,76774.70313,76774.70313,76774.70313,76774.70313,76774.70313,34787328,,,,
2024-11-10 01:28:00+00:00,76785.85938,76785.85938,76785.85938,76785.85938,76785.85938,25137152,,,,
2024-11-10 01:29:00+00:00,76815.94531,76815.94531,76815.94531,76815.94531,76815.94531,15282176,,,,
2024-11-10 01:30:00+00:00,76815.4375,76815.4375,76815.4375,76815.4375,76815.4375,548864,,,,
2024-11-10 01:32:00+00:00,76865.54688,76865.54688,76865.54688,76865.54688,76865.54688,10823680,,,,
2024-11-10 01:34:00+00:00,76747.73438,76747.73438,76747.73438,76747.73438,76747.73438,0,,,,
2024-11-10 01:37:00+00:00,76796.08594,76796.08594,76796.08594,76796.08594,76796.08594,15466496,,,,
2024-11-10 01:38:00+00:00,76768.04688,76768.04688,76768.04688,76768.04688,76768.04688,47648768,,,,
2024-11-10 01:41:00+00:00,76742.59375,76742.59375,76742.59375,76742.59375,76742.59375,14194688,,,,
2024-11-10 01:42:00+00:00,76758.11719,76758.11719,76758.11719,76758.11719,76758.11719,5138432,,,,
2024-11-10 01:44:00+00:00,76737.46094,76737.46094,76737.46094,76737.46094,76737.46094,0,,,,
2024-11-10 01:46:00+00:00,76765.60156,76765.60156,76765.60156,76765.60156,76765.60156,1904640,,,,
2024-11-10 01:48:00+00:00,76777.45313,76777.45313,76777.45313,76777.45313,76777.45313,14594048,,,,
2024-11-10 01:50:00+00:00,76812.46875,76812.46875,76812.46875,76812.46875,76812.46875,16230400,,,,
2024-11-10 01:52:00+00:00,76783.625,76783.625,76783.625,76783.625,76783.625,4753408,,,,
2024-11-10 01:53:00+00:00,76744.34375,76744.34375,76744.34375,76744.34375,76744.34375,137216,,,,
2024-11-10 01:54:00+00:00,76741.97656,76741.97656,76741.97656,76741.97656,76741.97656,6193152,,,,
2024-11-10 01:55:00+00:00,76744.96875,76744.96875,76744.96875,76744.96875,76744.96875,0,,,,
2024-11-10 01:56:00+00:00,76733.01563,76733.01563,76733.01563,76733.01563,76733.01563,886784,,,,
2024-11-10 01:58:00+00:00,76732.17188,76732.17188,76732.17188,76732.17188,76732.17188,0,,,,
2024-11-10 02:00:00+00:00,76742.03906,76742.03906,76742.03906,76742.03906,76742.03906,0,,,,
2024-11-10 02:01:00+00:00,76762.76563,76762.76563,76762.76563,76762.76563,76762.76563,0,,,,
2024-11-10 02:02:00+00:00,76741.58594,76741.58594,76741.58594,76741.58594,76741.58594,0,,,,
2024-11-10 02:05:00+00:00,76730.03125,76730.03125,76730.03125,76730.03125,76730.03125,0,,,,
2024-11-10 02:06:00+00:00,76704.54688,76704.54688,76704.54688,76704.54688,76704.54688,1046528,,,,
2024-11-10 02:08:00+00:00,76708.27344,76708.27344,76708.27344,76708.27344,76708.27344,16715776,,,,
2024-11-10 02:10:00+00:00,76870.96875,76870.96875,76870.96875,76870.96875,76870.96875,25366528,,,,
2024-11-10 02:11:00+00:00,76903.60938,76903.60938,76903.60938,76903.60938,76903.60938,38187008,,,,
2024-11-10 02:13:00+00:00,76901.57031,76901.57031,76901.57031,76901.57031,76901.57031,12888064,,,,
2024-11-10 02:14:00+00:00,76908.16406,76908.16406,76908.16406,76908.16406,76908.16406,42201088,,,,
2024-11-10 02:16:00+00:00,76909.27344,76909.27344,76909.27344,76909.27344,76909.27344,5459968,,,,
2024-11-10 02:17:00+00:00,76929.76563,76929.76563,76929.76563,76929.76563,76929.76563,21059584,,,,
2024-11-10 02:18:00+00:00,76936.38281,76936.38281,76936.38281,76936.38281,76936.38281,0,,,,
2024-11-10 02:20:00+00:00,77213.55469,77213.55469,77213.55469,77213.55469,77213.55469,27774976,,,,
2024-11-10 02:21:00+00:00,77142.22656,77142.22656,77142.22656,77142.22656,77142.22656,136359936,,,,
2024-11-10 02:22:00+00:00,77104.78125,77104.78125,77104.78125,77104.78125,77104.78125,0,,,,
2024-11-10 02:24:00+00:00,77207.39844,77207.39844,77207.39844,77207.39844,77207.39844,194754560,,,,
2024-11-10 02:25:00+00:00,77214.42188,77214.42188,77214.42188,77214.42188,77214.42188,0,,,,
2024-11-10 02:26:00+00:00,77278.96875,77278.96875,77278.96875,77278.96875,77278.96875,124663808,,,,
2024-11-10 02:28:00+00:00,77489.33594,77489.33594,77489.33594,77489.33594,77489.33594,127989760,,,,
2024-11-10 02:29:00+00:00,77474.24219,77474.24219,77474.24219,77474.24219,77474.24219,178255872,,,,
2024-11-10 02:30:00+00:00,77360.27344,77360.27344,77360.27344,77360.27344,77360.27344,31064064,,,,
2024-11-10 02:32:00+00:00,77235.41406,77235.41406,77235.41406,77235.41406,77235.41406,155226112,,,,
2024-11-10 02:34:00+00:00,77275.69531,77275.69531,77275.69531,77275.69531,77275.69531,17340416,,,,
2024-11-10 02:35:00+00:00,77279.92188,77279.92188,77279.92188,77279.92188,77279.92188,149721088,,,,
2024-11-10 02:36:00+00:00,77293.15625,77293.15625,77293.15625,77293.15625,77293.15625,0,,,,
2024-11-10 02:37:00+00:00,77248.26563,77248.26563,77248.26563,77248.26563,77248.26563,9641984,,,,
2024-11-10 02:38:00+00:00,77236.90625,77236.90625,77236.90625,77236.90625,77236.90625,118484992,,,,
2024-11-10 02:40:00+00:00,77283.78906,77283.78906,77283.78906,77283.78906,77283.78906,10063872,,,,
2024-11-10 02:41:00+00:00,77327.79688,77327.79688,77327.79688,77327.79688,77327.79688,14440448,,,,
2024-11-10 02:42:00+00:00,77338.28906,77338.28906,77338.28906,77338.28906,77338.28906,53336064,,,,
2024-11-10 02:44:00+00:00,77416.89063,77416.89063,77416.89063,77416.89063,77416.89063,48603136,,,,
2024-11-10 02:46:00+00:00,77455.28906,77455.28906,77455.28906,77455.28906,77455.28906,7280640,,,,
2024-11-10 02:49:00+00:00,77399.29688,77399.29688,77399.29688,77399.29688,77399.29688,173758464,,,,
2024-11-10 02:50:00+00:00,77379.125,77379.125,77379.125,77379.125,77379.125,85794816,,,,
2024-11-10 02:52:00+00:00,77392.69531,77392.69531,77392.69531,77392.69531,77392.69531,17567744,,,,
2024-11-10 02:53:00+00:00,77394.64844,77394.64844,77394.64844,77394.64844,77394.64844,34742272,,,,
2024-11-10 02:54:00+00:00,77393.9375,77393.9375,77393.9375,77393.9375,77393.9375,37328896,,,,
2024-11-10 02:56:00+00:00,77371.26563,77371.26563,77371.26563,77371.26563,77371.26563,75073536,,,,
2024-11-10 02:58:00+00:00,77133.50781,77133.50781,77133.50781,77133.50781,77133.50781,10199040,,,,
2024-11-10 02:59:00+00:00,77106.85938,77106.85938,77106.85938,77106.85938,77106.85938,78833664,,,,
2024-11-10 03:00:00+00:00,77078.35938,77078.35938,77078.35938,77078.35938,77078.35938,6713344,,,,
2024-11-10 03:01:00+00:00,77077.6875,77077.6875,77077.6875,77077.6875,77077.6875,73187328,,,,
2024-11-10 03:02:00+00:00,77050.48438,77050.48438,77050.48438,77050.48438,77050.48438,6430720,,,,
2024-11-10 03:04:00+00:00,77065.35938,77065.35938,77065.35938,77065.35938,77065.35938,14667776,,,,
2024-11-10 03:05:00+00:00,77092.51563,77092.51563,77092.51563,77092.51563,77092.51563,105496576,,,,
2024-11-10 03:06:00+00:00,77119.39844,77119.39844,77119.39844,77119.39844,77119.39844,5122048,,,,
2024-11-10 03:08:00+00:00,77200.28906,77200.28906,77200.28906,77200.28906,77200.28906,74299392,,,,
2024-11-10 03:10:00+00:00,77147.33594,77147.33594,77147.33594,77147.33594,77147.33594,103720960,,,,
2024-11-10 03:11:00+00:00,77154.42969,77154.42969,77154.42969,77154.42969,77154.42969,0,,,,
2024-11-10 03:12:00+00:00,77153.52344,77153.52344,77153.52344,77153.52344,77153.52344,6234112,,,,
2024-11-10 03:13:00+00:00,77262.35156,77262.35156,77262.35156,77262.35156,77262.35156,3225600,,,,
2024-11-10 03:14:00+00:00,77261.61719,77261.61719,77261.61719,77261.61719,77261.61719,38828032,,,,
2024-11-10 03:16:00+00:00,77279.95313,77279.95313,77279.95313,77279.95313,77279.95313,798720,,,,
2024-11-10 03:17:00+00:00,77315.55469,77315.55469,77315.55469,77315.55469,77315.55469,86616064,,,,
2024-11-10 03:18:00+00:00,77343.99219,77343.99219,77343.99219,77343.99219,77343.99219,0,,,,
2024-11-10 03:20:00+00:00,77405.79688,77405.79688,77405.79688,77405.79688,77405.79688,76128256,,,,
2024-11-10 03:22:00+00:00,77442.28906,77442.28906,77442.28906,77442.28906,77442.28906,32972800,,,,
2024-11-10 03:23:00+00:00,77439.89844,77439.89844,77439.89844,77439.89844,77439.89844,55175168,,,,
2024-11-10 03:24:00+00:00,77403.79688,77403.79688,77403.79688,77403.79688,77403.79688,11816960,,,,
2024-11-10 03:25:00+00:00,77377.38281,77377.38281,77377.38281,77377.38281,77377.38281,9873408,,,,
2024-11-10 03:26:00+00:00,77353.6875,77353.6875,77353.6875,77353.6875,77353.6875,38832128,,,,
2024-11-10 03:28:00+00:00,77379.5,77379.5,77379.5,77379.5,77379.5,39202816,,,,
2024-11-10 03:29:00+00:00,77392.53906,77392.53906,77392.53906,77392.53906,77392.53906,34646016,,,,
2024-11-10 03:30:00+00:00,77436.42969,77436.42969,77436.42969,77436.42969,77436.42969,35465216,,,,
2024-11-10 03:32:00+00:00,77383.625,77383.625,77383.625,77383.625,77383.625,39596032,,,,
2024-11-10 03:34:00+00:00,77345.79688,77345.79688,77345.79688,77345.79688,77345.79688,23015424,,,,
2024-11-10 03:35:00+00:00,77335.39063,77335.39063,77335.39063,77335.39063,77335.39063,2887680,,,,
2024-11-10 03:36:00+00:00,77313.47656,77313.47656,77313.47656,77313.47656,77313.47656,8949760,,,,
2024-11-10 03:37:00+00:00,77343.96094,77343.96094,77343.96094,77343.96094,77343.96094,1966080,,,,
2024-11-10 03:38:00+00:00,77327.44531,77327.44531,77327.44531,77327.44531,77327.44531,27926528,,,,
2024-11-10 03:39:00+00:00,77347.52344,77347.52344,77347.52344,77347.52344,77347.52344,5505024,,,,
2024-11-10 03:41:00+00:00,77330.91406,77330.91406,77330.91406,77330.91406,77330.91406,21757952,,,,
2024-11-10 03:42:00+00:00,77343.64063,77343.64063,77343.64063,77343.64063,77343.64063,645120,,,,
2024-11-10 03:44:00+00:00,77322.0625,77322.0625,77322.0625,77322.0625,77322.0625,9453568,,,,
2024-11-10 03:46:00+00:00,77316.4375,77316.4375,77316.4375,77316.4375,77316.4375,7612416,,,,
2024-11-10 03:48:00+00:00,77316.77344,77316.77344,77316.77344,77316.77344,77316.77344,37986304,,,,
2024-11-10 03:49:00+00:00,77312.14063,77312.14063,77312.14063,77312.14063,77312.14063,21377024,,,,
2024-11-10 03:50:00+00:00,77311.07031,77311.07031,77311.07031,77311.07031,77311.07031,10577920,,,,
2024-11-10 03:52:00+00:00,77295.14063,77295.14063,77295.14063,77295.14063,77295.14063,7178240,,,,
2024-11-10 03:53:00+00:00,77293.03906,77293.03906,77293.03906,77293.03906,77293.03906,5507072,,,,
2024-11-10 03:54:00+00:00,77279.67969,77279.67969,77279.67969,77279.67969,77279.67969,7942144,,,,
2024-11-10 03:56:00+00:00,77284.76563,77284.76563,77284.76563,77284.76563,77284.76563,15581184,,,,
2024-11-10 03:58:00+00:00,77280.0625,77280.0625,77280.0625,77280.0625,77280.0625,7774208,,,,
2024-11-10 03:59:00+00:00,77263.35156,77263.35156,77263.35156,77263.35156,77263.35156,3254272,,,,
2024-11-10 04:00:00+00:00,77269.65625,77269.65625,77269.65625,77269.65625,77269.65625,7323648,,,,
2024-11-10 04:01:00+00:00,77260.64844,77260.64844,77260.64844,77260.64844,77260.64844,239616,,,,
2024-11-10 04:03:00+00:00,77240.64844,77240.64844,77240.64844,77240.64844,77240.64844,9664512,,,,
2024-11-10 04:04:00+00:00,77242.44531,77242.44531,77242.44531,77242.44531,77242.44531,1771520,,,,
2024-11-10 04:05:00+00:00,77209.14063,77209.14063,77209.14063,77209.14063,77209.14063,39739392,,,,
2024-11-10 04:06:00+00:00,77226.57813,77226.57813,77226.57813,77226.57813,77226.57813,0,,,,
2024-11-10 04:07:00+00:00,77272.4375,77272.4375,77272.4375,77272.4375,77272.4375,0,,,,
2024-11-10 04:08:00+00:00,77323.32031,77323.32031,77323.32031,77323.32031,77323.32031,27357184,,,,
2024-11-10 04:10:00+00:00,77333.71875,77333.71875,77333.71875,77333.71875,77333.71875,6598656,,,,
2024-11-10 04:13:00+00:00,77366.125,77366.125,77366.125,77366.125,77366.125,40392704,,,,
2024-11-10 04:14:00+00:00,77348.94531,77348.94531,77348.94531,77348.94531,77348.94531,7002112,,,,
2024-11-10 04:16:00+00:00,77360.24219,77360.24219,77360.24219,77360.24219,77360.24219,32610304,,,,
2024-11-10 04:17:00+00:00,77348.24219,77348.24219,77348.24219,77348.24219,77348.24219,0,,,,
2024-11-10 04:18:00+00:00,77354.8125,77354.8125,77354.8125,77354.8125,77354.8125,4046848,,,,
2024-11-10 04:19:00+00:00,77357.25781,77357.25781,77357.25781,77357.25781,77357.25781,8192,,,,
2024-11-10 04:20:00+00:00,77372.88281,77372.88281,77372.88281,77372.88281,77372.88281,39636992,,,,
2024-11-10 04:22:00+00:00,77363.79688,77363.79688,77363.79688,77363.79688,77363.79688,1792000,,,,
2024-11-10 04:23:00+00:00,77335.39063,77335.39063,77335.39063,77335.39063,77335.39063,19388416,,,,
2024-11-10 04:24:00+00:00,77343.67188,77343.67188,77343.67188,77343.67188,77343.67188,122880,,,,
2024-11-10 04:25:00+00:00,77329.51563,77329.51563,77329.51563,77329.51563,77329.51563,0,,,,
2024-11-10 04:26:00+00:00,77319.92188,77319.92188,77319.92188,77319.92188,77319.92188,19689472,,,,
2024-11-10 04:28:00+00:00,77348.69531,77348.69531,77348.69531,77348.69531,77348.69531,6316032,,,,
2024-11-10 04:29:00+00:00,77339.20313,77339.20313,77339.20313,77339.20313,77339.20313,17158144,,,,
2024-11-10 04:30:00+00:00,77338.80469,77338.80469,77338.80469,77338.80469,77338.80469,16844800,,,,
2024-11-10 04:32:00+00:00,77365.07813,77365.07813,77365.07813,77365.07813,77365.07813,19789824,,,,
2024-11-10 04:34:00+00:00,77780.15625,77780.15625,77780.15625,77780.15625,77780.15625,0,,,,
2024-11-10 04:36:00+00:00,77891.5,77891.5,77891.5,77891.5,77891.5,293193728,,,,
2024-11-10 04:37:00+00:00,77767.14844,77767.14844,77767.14844,77767.14844,77767.14844,63072256,,,,
2024-11-10 04:38:00+00:00,77775.49219,77775.49219,77775.49219,77775.49219,77775.49219,517287936,,,,
2024-11-10 04:40:00+00:00,77879.47656,77879.47656,77879.47656,77879.47656,77879.47656,91439104,,,,
2024-11-10 04:41:00+00:00,77788.21094,77788.21094,77788.21094,77788.21094,77788.21094,228208640,,,,
2024-11-10 04:42:00+00:00,77776.84375,77776.84375,77776.84375,77776.84375,77776.84375,0,,,,
2024-11-10 04:44:00+00:00,77861.57031,77861.57031,77861.57031,77861.57031,77861.57031,188243968,,,,
2024-11-10 04:45:00+00:00,77914.375,77914.375,77914.375,77914.375,77914.375,23470080,,,,
2024-11-10 04:46:00+00:00,78066.14844,78066.14844,78066.14844,78066.14844,78066.14844,0,,,,
2024-11-10 04:47:00+00:00,77973.14063,77973.14063,77973.14063,77973.14063,77973.14063,220090368,,,,
2024-11-10 04:48:00+00:00,78015.82813,78015.82813,78015.82813,78015.82813,78015.82813,0,,,,
2024-11-10 04:49:00+00:00,78033.88281,78033.88281,78033.88281,78033.88281,78033.88281,18051072,,,,
2024-11-10 04:51:00+00:00,78158.6875,78158.6875,78158.6875,78158.6875,78158.6875,281464832,,,,
2024-11-10 04:52:00+00:00,78184.03125,78184.03125,78184.03125,78184.03125,78184.03125,123629568,,,,
2024-11-10 04:53:00+00:00,78270.08594,78270.08594,78270.08594,78270.08594,78270.08594,117915648,,,,
2024-11-10 04:54:00+00:00,78859.36719,78859.36719,78859.36719,78859.36719,78859.36719,115384320,,,,
2024-11-10 04:56:00+00:00,78735.41406,78735.41406,78735.41406,78735.41406,78735.41406,799227904,,,,
2024-11-10 04:58:00+00:00,78920.02344,78920.02344,78920.02344,78920.02344,78920.02344,268713984,,,,
2024-11-10 04:59:00+00:00,79157.375,79157.375,79157.375,79157.375,79157.375,797503488,,,,
2024-11-10 05:00:00+00:00,79086.01563,79086.01563,79086.01563,79086.01563,79086.01563,0,,,,
2024-11-10 05:01:00+00:00,78949.38281,78949.38281,78949.38281,78949.38281,78949.38281,132161536,,,,
2024-11-10 05:02:00+00:00,78906.54688,78906.54688,78906.54688,78906.54688,78906.54688,420229120,,,,
2024-11-10 05:04:00+00:00,79026.07031,79026.07031,79026.07031,79026.07031,79026.07031,427352064,,,,
2024-11-10 05:06:00+00:00,79110.11719,79110.11719,79110.11719,79110.11719,79110.11719,110923776,,,,
2024-11-10 05:08:00+00:00,79156.07031,79156.07031,79156.07031,79156.07031,79156.07031,477487104,,,,
2024-11-10 05:10:00+00:00,79256.91406,79256.91406,79256.91406,79256.91406,79256.91406,53833728,,,,
2024-11-10 05:12:00+00:00,79162.23438,79162.23438,79162.23438,79162.23438,79162.23438,359415808,,,,
2024-11-10 05:13:00+00:00,79209.50781,79209.50781,79209.50781,79209.50781,79209.50781,2494464,,,,
2024-11-10 05:14:00+00:00,79147.89844,79147.89844,79147.89844,79147.89844,79147.89844,261226496,,,,
2024-11-10 05:16:00+00:00,79138.86719,79138.86719,79138.86719,79138.86719,79138.86719,312164352,,,,
2024-11-10 05:17:00+00:00,79145.29688,79145.29688,79145.29688,79145.29688,79145.29688,92893184,,,,
2024-11-10 05:18:00+00:00,79228.05469,79228.05469,79228.05469,79228.05469,79228.05469,102400,,,,
2024-11-10 05:19:00+00:00,79291.79688,79291.79688,79291.79688,79291.79688,79291.79688,45404160,,,,
2024-11-10 05:20:00+00:00,79286.83594,79286.83594,79286.83594,79286.83594,79286.83594,280186880,,,,
2024-11-10 05:22:00+00:00,79239.03125,79239.03125,79239.03125,79239.03125,79239.03125,30220288,,,,
2024-11-10 05:23:00+00:00,79305.94531,79305.94531,79305.94531,79305.94531,79305.94531,145977344,,,,
2024-11-10 05:24:00+00:00,79343.35938,79343.35938,79343.35938,79343.35938,79343.35938,0,,,,
2024-11-10 05:25:00+00:00,79332.14844,79332.14844,79332.14844,79332.14844,79332.14844,31281152,,,,
2024-11-10 05:26:00+00:00,79493.48438,79493.48438,79493.48438,79493.48438,79493.48438,98324480,,,,
2024-11-10 05:28:00+00:00,79570.27344,79570.27344,79570.27344,79570.27344,79570.27344,98025472,,,,
2024-11-10 05:29:00+00:00,79703.77344,79703.77344,79703.77344,79703.77344,79703.77344,264216576,,,,
2024-11-10 05:30:00+00:00,79654.14844,79654.14844,79654.14844,79654.14844,79654.14844,127713280,,,,
2024-11-10 05:32:00+00:00,79513.39844,79513.39844,79513.39844,79513.39844,79513.39844,475099136,,,,
2024-11-10 05:34:00+00:00,79495.75781,79495.75781,79495.75781,79495.75781,79495.75781,13926400,,,,
2024-11-10 05:36:00+00:00,79483.64063,79483.64063,79483.64063,79483.64063,79483.64063,273600512,,,,
2024-11-10 05:37:00+00:00,79588.16406,79588.16406,79588.16406,79588.16406,79588.16406,0,,,,
2024-11-10 05:38:00+00:00,79571.69531,79571.69531,79571.69531,79571.69531,79571.69531,217997312,,,,
2024-11-10 05:40:00+00:00,79635.22656,79635.22656,79635.22656,79635.22656,79635.22656,7184384,,,,
2024-11-10 05:41:00+00:00,79601.02344,79601.02344,79601.02344,79601.02344,79601.02344,243060736,,,,
2024-11-10 05:42:00+00:00,79553.07031,79553.07031,79553.07031,79553.07031,79553.07031,10756096,,,,
2024-11-10 05:44:00+00:00,79625.42969,79625.42969,79625.42969,79625.42969,79625.42969,137805824,,,,
2024-11-10 05:46:00+00:00,79599.61719,79599.61719,79599.61719,79599.61719,79599.61719,3624960,,,,
2024-11-10 05:47:00+00:00,79628.53906,79628.53906,79628.53906,79628.53906,79628.53906,111874048,,,,
2024-11-10 05:48:00+00:00,79641.78906,79641.78906,79641.78906,79641.78906,79641.78906,14114816,,,,
2024-11-10 05:49:00+00:00,79646.50781,79646.50781,79646.50781,79646.50781,79646.50781,147456,,,,
2024-11-10 05:50:00+00:00,79606.92969,79606.92969,79606.92969,79606.92969,79606.92969,98009088,,,,
2024-11-10 05:52:00+00:00,79612.07031,79612.07031,79612.07031,79612.07031,79612.07031,21106688,,,,
2024-11-10 05:54:00+00:00,79258.03906,79258.03906,79258.03906,79258.03906,79258.03906,59674624,,,,
2024-11-10 05:56:00+00:00,79202.44531,79202.44531,79202.44531,79202.44531,79202.44531,199942144,,,,
2024-11-10 05:58:00+00:00,79169.44531,79169.44531,79169.44531,79169.44531,79169.44531,79589376,,,,
2024-11-10 06:00:00+00:00,79107.6875,79107.6875,79107.6875,79107.6875,79107.6875,161492992,,,,
2024-11-10 06:02:00+00:00,79014.9375,79014.9375,79014.9375,79014.9375,79014.9375,62849024,,,,
2024-11-10 06:05:00+00:00,78975.08594,78975.08594,78975.08594,78975.08594,78975.08594,213794816,,,,
2024-11-10 06:06:00+00:00,79018.14063,79018.14063,79018.14063,79018.14063,79018.14063,0,,,,
2024-11-10 06:07:00+00:00,79035.39844,79035.39844,79035.39844,79035.39844,79035.39844,9605120,,,,
2024-11-10 06:08:00+00:00,79105.70313,79105.70313,79105.70313,79105.70313,79105.70313,89264128,,,,
2024-11-10 06:10:00+00:00,79136.83594,79136.83594,79136.83594,79136.83594,79136.83594,19451904,,,,
2024-11-10 06:11:00+00:00,79230.98438,79230.98438,79230.98438,79230.98438,79230.98438,78725120,,,,
2024-11-10 06:12:00+00:00,79229.52344,79229.52344,79229.52344,79229.52344,79229.52344,0,,,,
2024-11-10 06:14:00+00:00,79162.52344,79162.52344,79162.52344,79162.52344,79162.52344,49172480,,,,
2024-11-10 06:16:00+00:00,79152.25781,79152.25781,79152.25781,79152.25781,79152.25781,6336512,,,,
2024-11-10 06:17:00+00:00,79120.65625,79120.65625,79120.65625,79120.65625,79120.65625,76877824,,,,
2024-11-10 06:18:00+00:00,79071.25,79071.25,79071.25,79071.25,79071.25,17317888,,,,
2024-11-10 06:20:00+00:00,79077.25781,79077.25781,79077.25781,79077.25781,79077.25781,156946432,,,,
2024-11-10 06:22:00+00:00,79044.48438,79044.48438,79044.48438,79044.48438,79044.48438,27095040,,,,
2024-11-10 06:24:00+00:00,79053.41406,79053.41406,79053.41406,79053.41406,79053.41406,78618624,,,,
2024-11-10 06:26:00+00:00,79074.63281,79074.63281,79074.63281,79074.63281,79074.63281,29495296,,,,
2024-11-10 06:28:00+00:00,79062.35156,79062.35156,79062.35156,79062.35156,79062.35156,48812032,,,,
2024-11-10 06:29:00+00:00,79020.23438,79020.23438,79020.23438,79020.23438,79020.23438,79282176,,,,
2024-11-10 06:30:00+00:00,78972.5625,78972.5625,78972.5625,78972.5625,78972.5625,9756672,,,,
2024-11-10 06:33:00+00:00,78897.1875,78897.1875,78897.1875,78897.1875,78897.1875,49967104,,,,
2024-11-10 06:34:00+00:00,78866.00781,78866.00781,78866.00781,78866.00781,78866.00781,2826240,,,,
2024-11-10 06:36:00+00:00,78824.35156,78824.35156,78824.35156,78824.35156,78824.35156,61894656,,,,
2024-11-10 06:37:00+00:00,78855.47656,78855.47656,78855.47656,78855.47656,78855.47656,18374656,,,,
2024-11-10 06:38:00+00:00,78847.80469,78847.80469,78847.80469,78847.80469,78847.80469,0,,,,
2024-11-10 06:40:00+00:00,78920.22656,78920.22656,78920.22656,78920.22656,78920.22656,56066048,,,,
2024-11-10 06:41:00+00:00,78904.29688,78904.29688,78904.29688,78904.29688,78904.29688,0,,,,
2024-11-10 06:42:00+00:00,78849.0625,78849.0625,78849.0625,78849.0625,78849.0625,7876608,,,,
2024-11-10 06:44:00+00:00,78757.67969,78757.67969,78757.67969,78757.67969,78757.67969,43298816,,,,
2024-11-10 06:46:00+00:00,78747.3125,78747.3125,78747.3125,78747.3125,78747.3125,19361792,,,,
2024-11-10 06:48:00+00:00,78674.94531,78674.94531,78674.94531,78674.94531,78674.94531,50753536,,,,
2024-11-10 06:50:00+00:00,78683.38281,78683.38281,78683.38281,78683.38281,78683.38281,86851584,,,,
2024-11-10 06:53:00+00:00,78846.41406,78846.41406,78846.41406,78846.41406,78846.41406,119685120,,,,
2024-11-10 06:54:00+00:00,78829.89063,78829.89063,78829.89063,78829.89063,78829.89063,2453504,,,,
2024-11-10 06:55:00+00:00,78846.60156,78846.60156,78846.60156,78846.60156,78846.60156,26353664,,,,
2024-11-10 06:56:00+00:00,78888.97656,78888.97656,78888.97656,78888.97656,78888.97656,47943680,,,,
2024-11-10 06:59:00+00:00,78890.32813,78890.32813,78890.32813,78890.32813,78890.32813,75001856,,,,
2024-11-10 07:00:00+00:00,78920.05469,78920.05469,78920.05469,78920.05469,78920.05469,46116864,,,,
2024-11-10 07:01:00+00:00,78999.94531,78999.94531,78999.94531,78999.94531,78999.94531,3825664,,,,
2024-11-10 07:02:00+00:00,79015.66406,79015.66406,79015.66406,79015.66406,79015.66406,19050496,,,,
2024-11-10 07:04:00+00:00,78976.4375,78976.4375,78976.4375,78976.4375,78976.4375,23588864,,,,
2024-11-10 07:06:00+00:00,79013.51563,79013.51563,79013.51563,79013.51563,79013.51563,41467904,,,,
2024-11-10 07:07:00+00:00,79004.28906,79004.28906,79004.28906,79004.28906,79004.28906,17276928,,,,
2024-11-10 07:09:00+00:00,79027.38281,79027.38281,79027.38281,79027.38281,79027.38281,75640832,,,,
2024-11-10 07:10:00+00:00,79020.78125,79020.78125,79020.78125,79020.78125,79020.78125,74809344,,,,
2024-11-10 07:11:00+00:00,79022.26563,79022.26563,79022.26563,79022.26563,79022.26563,16683008,,,,
2024-11-10 07:12:00+00:00,79100.15625,79100.15625,79100.15625,79100.15625,79100.15625,1773568,,,,
2024-11-10 07:14:00+00:00,79087.17188,79087.17188,79087.17188,79087.17188,79087.17188,54648832,,,,
2024-11-10 07:16:00+00:00,79059.15625,79059.15625,79059.15625,79059.15625,79059.15625,16871424,,,,
2024-11-10 07:18:00+00:00,79101.51563,79101.51563,79101.51563,79101.51563,79101.51563,52457472,,,,
2024-11-10 07:19:00+00:00,79123.71875,79123.71875,79123.71875,79123.71875,79123.71875,0,,,,
2024-11-10 07:20:00+00:00,79145.26563,79145.26563,79145.26563,79145.26563,79145.26563,45232128,,,,
2024-11-10 07:22:00+00:00,79099.54688,79099.54688,79099.54688,79099.54688,79099.54688,22118400,,,,
2024-11-10 07:24:00+00:00,79001.9375,79001.9375,79001.9375,79001.9375,79001.9375,58003456,,,,
2024-11-10 07:27:00+00:00,79002.75,79002.75,79002.75,79002.75,79002.75,26685440,,,,
2024-11-10 07:28:00+00:00,78998.21875,78998.21875,78998.21875,78998.21875,78998.21875,458752,,,,
2024-11-10 07:30:00+00:00,78983.85938,78983.85938,78983.85938,78983.85938,78983.85938,49532928,,,,
2024-11-10 07:32:00+00:00,78961.25,78961.25,78961.25,78961.25,78961.25,18927616,,,,
2024-11-10 07:34:00+00:00,78945.71094,78945.71094,78945.71094,78945.71094,78945.71094,56135680,,,,
2024-11-10 07:36:00+00:00,78940.48438,78940.48438,78940.48438,78940.48438,78940.48438,23842816,,,,
2024-11-10 07:37:00+00:00,78976.82031,78976.82031,78976.82031,78976.82031,78976.82031,462848,,,,
2024-11-10 07:38:00+00:00,79013.71875,79013.71875,79013.71875,79013.71875,79013.71875,2256896,,,,
2024-11-10 07:40:00+00:00,78867.07031,78867.07031,78867.07031,78867.07031,78867.07031,17514496,,,,
2024-11-10 07:41:00+00:00,78910.96094,78910.96094,78910.96094,78910.96094,78910.96094,32043008,,,,
2024-11-10 07:42:00+00:00,78880.53125,78880.53125,78880.53125,78880.53125,78880.53125,32329728,,,,
2024-11-10 07:45:00+00:00,78893.19531,78893.19531,78893.19531,78893.19531,78893.19531,84029440,,,,
2024-11-10 07:46:00+00:00,78865.77344,78865.77344,78865.77344,78865.77344,78865.77344,22122496,,,,
2024-11-10 07:48:00+00:00,78842.61719,78842.61719,78842.61719,78842.61719,78842.61719,21196800,,,,
2024-11-10 07:49:00+00:00,78813.72656,78813.72656,78813.72656,78813.72656,78813.72656,2215936,,,,
2024-11-10 07:50:00+00:00,78784.63281,78784.63281,78784.63281,78784.63281,78784.63281,18726912,,,,
2024-11-10 07:52:00+00:00,78804.10156,78804.10156,78804.10156,78804.10156,78804.10156,7553024,,,,
2024-11-10 07:53:00+00:00,78849.04688,78849.04688,78849.04688,78849.04688,78849.04688,21843968,,,,
2024-11-10 07:54:00+00:00,78850.80469,78850.80469,78850.80469,78850.80469,78850.80469,11280384,,,,
2024-11-10 07:56:00+00:00,78889.0625,78889.0625,78889.0625,78889.0625,78889.0625,30920704,,,,
2024-11-10 07:58:00+00:00,78880.92188,78880.92188,78880.92188,78880.92188,78880.92188,2772992,,,,
2024-11-10 08:00:00+00:00,78857.58594,78857.58594,78857.58594,78857.58594,78857.58594,56860672,,,,
2024-11-10 08:02:00+00:00,78980.96875,78980.96875,78980.96875,78980.96875,78980.96875,30654464,,,,
2024-11-10 08:04:00+00:00,78955.10938,78955.10938,78955.10938,78955.10938,78955.10938,6819840,,,,
2024-11-10 08:05:00+00:00,78963.36719,78963.36719,78963.36719,78963.36719,78963.36719,19845120,,,,
2024-11-10 08:06:00+00:00,78969.25781,78969.25781,78969.25781,78969.25781,78969.25781,7864320,,,,
2024-11-10 08:07:00+00:00,78995.53125,78995.53125,78995.53125,78995.53125,78995.53125,34570240,,,,
2024-11-10 08:08:00+00:00,78999.92188,78999.92188,78999.92188,78999.92188,78999.92188,0,,,,
2024-11-10 08:10:00+00:00,79022.41406,79022.41406,79022.41406,79022.41406,79022.41406,15527936,,,,
2024-11-10 08:12:00+00:00,79024.05469,79024.05469,79024.05469,79024.05469,79024.05469,47833088,,,,
2024-11-10 08:14:00+00:00,79008.97656,79008.97656,79008.97656,79008.97656,79008.97656,0,,,,
2024-11-10 08:16:00+00:00,78974.48438,78974.48438,78974.48438,78974.48438,78974.48438,8601600,,,,
2024-11-10 08:17:00+00:00,78958.61719,78958.61719,78958.61719,78958.61719,78958.61719,30683136,,,,
2024-11-10 08:19:00+00:00,78972.99219,78972.99219,78972.99219,78972.99219,78972.99219,0,,,,
2024-11-10 08:20:00+00:00,78973.53906,78973.53906,78973.53906,78973.53906,78973.53906,40828928,,,,
2024-11-10 08:22:00+00:00,79037.375,79037.375,79037.375,79037.375,79037.375,54542336,,,,
2024-11-10 08:24:00+00:00,79024.1875,79024.1875,79024.1875,79024.1875,79024.1875,0,,,,
2024-11-10 08:26:00+00:00,79034.6875,79034.6875,79034.6875,79034.6875,79034.6875,69885952,,,,
2024-11-10 08:28:00+00:00,79077.49219,79077.49219,79077.49219,79077.49219,79077.49219,14135296,,,,
2024-11-10 08:30:00+00:00,79073.5,79073.5,79073.5,79073.5,79073.5,15687680,,,,
2024-11-10 08:32:00+00:00,79030.25781,79030.25781,79030.25781,79030.25781,79030.25781,29532160,,,,
2024-11-10 08:34:00+00:00,79008.02344,79008.02344,79008.02344,79008.02344,79008.02344,26750976,,,,
2024-11-10 08:35:00+00:00,79044.67188,79044.67188,79044.67188,79044.67188,79044.67188,42995712,,,,
2024-11-10 08:36:00+00:00,79029.875,79029.875,79029.875,79029.875,79029.875,0,,,,
2024-11-10 08:37:00+00:00,79032.21094,79032.21094,79032.21094,79032.21094,79032.21094,0,,,,
2024-11-10 08:38:00+00:00,79028.30469,79028.30469,79028.30469,79028.30469,79028.30469,36401152,,,,
2024-11-10 08:40:00+00:00,79020.96094,79020.96094,79020.96094,79020.96094,79020.96094,9859072,,,,
2024-11-10 08:41:00+00:00,79006.23438,79006.23438,79006.23438,79006.23438,79006.23438,47562752,,,,
2024-11-10 08:42:00+00:00,79024.48438,79024.48438,79024.48438,79024.48438,79024.48438,0,,,,
2024-11-10 08:44:00+00:00,79009.42969,79009.42969,79009.42969,79009.42969,79009.42969,4120576,,,,
2024-11-10 08:47:00+00:00,79020.32813,79020.32813,79020.32813,79020.32813,79020.32813,10981376,,,,
2024-11-10 08:48:00+00:00,79023,79023,79023,79023,79023,0,,,,
2024-11-10 08:50:00+00:00,79016.49219,79016.49219,79016.49219,79016.49219,79016.49219,0,,,,
2024-11-10 08:53:00+00:00,79090.47656,79090.47656,79090.47656,79090.47656,79090.47656,38092800,,,,
2024-11-10 08:54:00+00:00,79100.85938,79100.85938,79100.85938,79100.85938,79100.85938,10207232,,,,
2024-11-10 08:56:00+00:00,79097.14844,79097.14844,79097.14844,79097.14844,79097.14844,55209984,,,,
2024-11-10 08:58:00+00:00,79111.48438,79111.48438,79111.48438,79111.48438,79111.48438,0,,,,
2024-11-10 09:00:00+00:00,79140.35156,79140.35156,79140.35156,79140.35156,79140.35156,3530752,,,,
2024-11-10 09:02:00+00:00,79156.57813,79156.57813,79156.57813,79156.57813,79156.57813,22700032,,,,
2024-11-10 09:05:00+00:00,79144,79144,79144,79144,79144,7516160,,,,
2024-11-10 09:07:00+00:00,79185.96094,79185.96094,79185.96094,79185.96094,79185.96094,6508544,,,,
2024-11-10 09:08:00+00:00,79170.97656,79170.97656,79170.97656,79170.97656,79170.97656,42844160,,,,
2024-11-10 09:10:00+00:00,79226.57031,79226.57031,79226.57031,79226.57031,79226.57031,6963200,,,,
2024-11-10 09:13:00+00:00,79268.80469,79268.80469,79268.80469,79268.80469,79268.80469,40497152,,,,
2024-11-10 09:14:00+00:00,79257.26563,79257.26563,79257.26563,79257.26563,79257.26563,81195008,,,,
2024-11-10 09:16:00+00:00,79259.89844,79259.89844,79259.89844,79259.89844,79259.89844,11522048,,,,
2024-11-10 09:17:00+00:00,79258.5,79258.5,79258.5,79258.5,79258.5,64901120,,,,
2024-11-10 09:18:00+00:00,79269.63281,79269.63281,79269.63281,79269.63281,79269.63281,442368,,,,
2024-11-10 09:19:00+00:00,79265.42188,79265.42188,79265.42188,79265.42188,79265.42188,0,,,,
2024-11-10 09:21:00+00:00,79318.44531,79318.44531,79318.44531,79318.44531,79318.44531,0,,,,
2024-11-10 09:22:00+00:00,79356.60938,79356.60938,79356.60938,79356.60938,79356.60938,11755520,,,,
2024-11-10 09:25:00+00:00,79266.02344,79266.02344,79266.02344,79266.02344,79266.02344,25755648,,,,
2024-11-10 09:26:00+00:00,79275.08594,79275.08594,79275.08594,79275.08594,79275.08594,26361856,,,,
2024-11-10 09:28:00+00:00,79331.35156,79331.35156,79331.35156,79331.35156,79331.35156,2977792,,,,
2024-11-10 09:29:00+00:00,79328.875,79328.875,79328.875,79328.875,79328.875,44113920,,,,
2024-11-10 09:30:00+00:00,79357.66406,79357.66406,79357.66406,79357.66406,79357.66406,12558336,,,,
2024-11-10 09:32:00+00:00,79355.99219,79355.99219,79355.99219,79355.99219,79355.99219,41684992,,,,
2024-11-10 09:34:00+00:00,79373.59375,79373.59375,79373.59375,79373.59375,79373.59375,18898944,,,,
2024-11-10 09:36:00+00:00,79424.78906,79424.78906,79424.78906,79424.78906,79424.78906,31719424,,,,
2024-11-10 09:39:00+00:00,79398.32813,79398.32813,79398.32813,79398.32813,79398.32813,52432896,,,,
2024-11-10 09:40:00+00:00,79423.98438,79423.98438,79423.98438,79423.98438,79423.98438,1400832,,,,
2024-11-10 09:42:00+00:00,79452.53125,79452.53125,79452.53125,79452.53125,79452.53125,64905216,,,,
2024-11-10 09:44:00+00:00,79487.70313,79487.70313,79487.70313,79487.70313,79487.70313,48615424,,,,
2024-11-10 09:46:00+00:00,79482.82813,79482.82813,79482.82813,79482.82813,79482.82813,11100160,,,,
2024-11-10 09:47:00+00:00,79449.0625,79449.0625,79449.0625,79449.0625,79449.0625,53317632,,,,
2024-11-10 09:48:00+00:00,79497.25,79497.25,79497.25,79497.25,79497.25,5550080,,,,
2024-11-10 09:49:00+00:00,79512.19531,79512.19531,79512.19531,79512.19531,79512.19531,81575936,,,,
2024-11-10 09:50:00+00:00,79482.63281,79482.63281,79482.63281,79482.63281,79482.63281,0,,,,
2024-11-10 09:52:00+00:00,79435.51563,79435.51563,79435.51563,79435.51563,79435.51563,7057408,,,,
2024-11-10 09:53:00+00:00,79410.03125,79410.03125,79410.03125,79410.03125,79410.03125,41582592,,,,
2024-11-10 09:54:00+00:00,79397.19531,79397.19531,79397.19531,79397.19531,79397.19531,10752000,,,,
2024-11-10 09:55:00+00:00,79404.03125,79404.03125,79404.03125,79404.03125,79404.03125,0,,,,
2024-11-10 09:56:00+00:00,79395.67969,79395.67969,79395.67969,79395.67969,79395.67969,54390784,,,,
2024-11-10 09:58:00+00:00,79435.00781,79435.00781,79435.00781,79435.00781,79435.00781,22663168,,,,
2024-11-10 10:00:00+00:00,79407.08594,79407.08594,79407.08594,79407.08594,79407.08594,46379008,,,,
2024-11-10 10:01:00+00:00,79428.10156,79428.10156,79428.10156,79428.10156,79428.10156,9797632,,,,
2024-11-10 10:02:00+00:00,79431.92969,79431.92969,79431.92969,79431.92969,79431.92969,25272320,,,,
2024-11-10 10:04:00+00:00,79403.26563,79403.26563,79403.26563,79403.26563,79403.26563,319488,,,,
2024-11-10 10:05:00+00:00,79355.57031,79355.57031,79355.57031,79355.57031,79355.57031,40251392,,,,
2024-11-10 10:06:00+00:00,79405.91406,79405.91406,79405.91406,79405.91406,79405.91406,7708672,,,,
2024-11-10 10:08:00+00:00,79429.16406,79429.16406,79429.16406,79429.16406,79429.16406,45178880,,,,
2024-11-10 10:10:00+00:00,79401.20313,79401.20313,79401.20313,79401.20313,79401.20313,30302208,,,,
2024-11-10 10:12:00+00:00,79359.97656,79359.97656,79359.97656,79359.97656,79359.97656,65396736,,,,
2024-11-10 10:14:00+00:00,79339.00781,79339.00781,79339.00781,79339.00781,79339.00781,44126208,,,,
2024-11-10 10:16:00+00:00,79361.02344,79361.02344,79361.02344,79361.02344,79361.02344,0,,,,
2024-11-10 10:17:00+00:00,79356.01563,79356.01563,79356.01563,79356.01563,79356.01563,35553280,,,,
2024-11-10 10:18:00+00:00,79373.51563,79373.51563,79373.51563,79373.51563,79373.51563,10792960,,,,
2024-11-10 10:19:00+00:00,79369.86719,79369.86719,79369.86719,79369.86719,79369.86719,10235904,,,,
2024-11-10 10:21:00+00:00,79350.6875,79350.6875,79350.6875,79350.6875,79350.6875,4681728,,,,
2024-11-10 10:22:00+00:00,79347.48438,79347.48438,79347.48438,79347.48438,79347.48438,253952,,,,
2024-11-10 10:23:00+00:00,79349.01563,79349.01563,79349.01563,79349.01563,79349.01563,4710400,,,,
2024-11-10 10:24:00+00:00,79360.25781,79360.25781,79360.25781,79360.25781,79360.25781,0,,,,
2024-11-10 10:26:00+00:00,79350.99219,79350.99219,79350.99219,79350.99219,79350.99219,23306240,,,,
2024-11-10 10:28:00+00:00,79353.40625,79353.40625,79353.40625,79353.40625,79353.40625,0,,,,
2024-11-10 10:29:00+00:00,79341.875,79341.875,79341.875,79341.875,79341.875,20844544,,,,
2024-11-10 10:30:00+00:00,79348.94531,79348.94531,79348.94531,79348.94531,79348.94531,4554752,,,,
2024-11-10 10:32:00+00:00,79405.22656,79405.22656,79405.22656,79405.22656,79405.22656,47489024,,,,
2024-11-10 10:34:00+00:00,79397.69531,79397.69531,79397.69531,79397.69531,79397.69531,3387392,,,,
2024-11-10 10:35:00+00:00,79429.80469,79429.80469,79429.80469,79429.80469,79429.80469,39886848,,,,
2024-11-10 10:36:00+00:00,79449.35156,79449.35156,79449.35156,79449.35156,79449.35156,3051520,,,,
2024-11-10 10:37:00+00:00,79458.1875,79458.1875,79458.1875,79458.1875,79458.1875,0,,,,
2024-11-10 10:38:00+00:00,79475.21875,79475.21875,79475.21875,79475.21875,79475.21875,28114944,,,,
2024-11-10 10:40:00+00:00,79477.60156,79477.60156,79477.60156,79477.60156,79477.60156,9379840,,,,
2024-11-10 10:41:00+00:00,79731.71875,79731.71875,79731.71875,79731.71875,79731.71875,0,,,,
2024-11-10 10:42:00+00:00,79695.13281,79695.13281,79695.13281,79695.13281,79695.13281,62152704,,,,
2024-11-10 10:44:00+00:00,79687.50781,79687.50781,79687.50781,79687.50781,79687.50781,159678464,,,,
2024-11-10 10:46:00+00:00,79585.57813,79585.57813,79585.57813,79585.57813,79585.57813,77180928,,,,
2024-11-10 10:47:00+00:00,79583.09375,79583.09375,79583.09375,79583.09375,79583.09375,236371968,,,,
2024-11-10 10:48:00+00:00,79609.875,79609.875,79609.875,79609.875,79609.875,0,,,,
2024-11-10 10:49:00+00:00,79611.64844,79611.64844,79611.64844,79611.64844,79611.64844,26660864,,,,
2024-11-10 10:50:00+00:00,79562.10156,79562.10156,79562.10156,79562.10156,79562.10156,91549696,,,,
2024-11-10 10:53:00+00:00,79543.91406,79543.91406,79543.91406,79543.91406,79543.91406,57561088,,,,
2024-11-10 10:54:00+00:00,79574.24219,79574.24219,79574.24219,79574.24219,79574.24219,8486912,,,,
2024-11-10 10:55:00+00:00,79583.0625,79583.0625,79583.0625,79583.0625,79583.0625,0,,,,
2024-11-10 10:56:00+00:00,79574.50781,79574.50781,79574.50781,79574.50781,79574.50781,63594496,,,,
2024-11-10 10:58:00+00:00,79570.1875,79570.1875,79570.1875,79570.1875,79570.1875,15327232,,,,
2024-11-10 11:00:00+00:00,79586.53906,79586.53906,79586.53906,79586.53906,79586.53906,91979776,,,,
2024-11-10 11:02:00+00:00,79645.30469,79645.30469,79645.30469,79645.30469,79645.30469,8638464,,,,
2024-11-10 11:04:00+00:00,79688.23438,79688.23438,79688.23438,79688.23438,79688.23438,15781888,,,,
2024-11-10 11:05:00+00:00,79735.54688,79735.54688,79735.54688,79735.54688,79735.54688,70991872,,,,
2024-11-10 11:06:00+00:00,79700.42969,79700.42969,79700.42969,79700.42969,79700.42969,14938112,,,,
2024-11-10 11:07:00+00:00,79626.39844,79626.39844,79626.39844,79626.39844,79626.39844,108900352,,,,
2024-11-10 11:09:00+00:00,79670.77344,79670.77344,79670.77344,79670.77344,79670.77344,2707456,,,,
2024-11-10 11:11:00+00:00,79658.13281,79658.13281,79658.13281,79658.13281,79658.13281,94752768,,,,
2024-11-10 11:12:00+00:00,79791.375,79791.375,79791.375,79791.375,79791.375,5623808,,,,
2024-11-10 11:14:00+00:00,79870.28906,79870.28906,79870.28906,79870.28906,79870.28906,107597824,,,,
2024-11-10 11:16:00+00:00,79923.64844,79923.64844,79923.64844,79923.64844,79923.64844,96395264,,,,
2024-11-10 11:17:00+00:00,79905.22656,79905.22656,79905.22656,79905.22656,79905.22656,316018688,,,,
2024-11-10 11:18:00+00:00,79897.92969,79897.92969,79897.92969,79897.92969,79897.92969,8953856,,,,
2024-11-10 11:20:00+00:00,79958.10156,79958.10156,79958.10156,79958.10156,79958.10156,129982464,,,,
2024-11-10 11:22:00+00:00,79826.48438,79826.48438,79826.48438,79826.48438,79826.48438,156946432,,,,
2024-11-10 11:23:00+00:00,79780.42969,79780.42969,79780.42969,79780.42969,79780.42969,126976000,,,,
2024-11-10 11:24:00+00:00,79774.85156,79774.85156,79774.85156,79774.85156,79774.85156,0,,,,
2024-11-10 11:26:00+00:00,79693.33594,79693.33594,79693.33594,79693.33594,79693.33594,115195904,,,,
2024-11-10 11:28:00+00:00,79766.95313,79766.95313,79766.95313,79766.95313,79766.95313,16146432,,,,
2024-11-10 11:29:00+00:00,79801.92969,79801.92969,79801.92969,79801.92969,79801.92969,132755456,,,,
2024-11-10 11:31:00+00:00,79765.89844,79765.89844,79765.89844,79765.89844,79765.89844,2945024,,,,
2024-11-10 11:32:00+00:00,79752.03906,79752.03906,79752.03906,79752.03906,79752.03906,51933184,,,,
2024-11-10 11:34:00+00:00,79852.42969,79852.42969,79852.42969,79852.42969,79852.42969,10452992,,,,
2024-11-10 11:36:00+00:00,79875.55469,79875.55469,79875.55469,79875.55469,79875.55469,42717184,,,,
2024-11-10 11:38:00+00:00,79887.78125,79887.78125,79887.78125,79887.78125,79887.78125,120537088,,,,
2024-11-10 11:40:00+00:00,79916.54688,79916.54688,79916.54688,79916.54688,79916.54688,0,,,,
2024-11-10 11:41:00+00:00,79938.01563,79938.01563,79938.01563,79938.01563,79938.01563,88809472,,,,
2024-11-10 11:42:00+00:00,79937.10156,79937.10156,79937.10156,79937.10156,79937.10156,23482368,,,,
2024-11-10 11:44:00+00:00,79907.63281,79907.63281,79907.63281,79907.63281,79907.63281,127098880,,,,
2024-11-10 11:46:00+00:00,79901.07031,79901.07031,79901.07031,79901.07031,79901.07031,17108992,,,,
2024-11-10 11:48:00+00:00,79887.35938,79887.35938,79887.35938,79887.35938,79887.35938,114216960,,,,
2024-11-10 11:50:00+00:00,79954.95313,79954.95313,79954.95313,79954.95313,79954.95313,116531200,,,,
2024-11-10 11:53:00+00:00,79947.625,79947.625,79947.625,79947.625,79947.625,127352832,,,,
2024-11-10 11:54:00+00:00,79952.79688,79952.79688,79952.79688,79952.79688,79952.79688,14114816,,,,
2024-11-10 11:56:00+00:00,79970.95313,79970.95313,79970.95313,79970.95313,79970.95313,99889152,,,,
2024-11-10 11:58:00+00:00,79992.625,79992.625,79992.625,79992.625,79992.625,26603520,,,,
2024-11-10 12:00:00+00:00,79898.16406,79898.16406,79898.16406,79898.16406,79898.16406,200253440,,,,
2024-11-10 12:01:00+00:00,79988.24219,79988.24219,79988.24219,79988.24219,79988.24219,71663616,,,,
2024-11-10 12:02:00+00:00,80062.1875,80062.1875,80062.1875,80062.1875,80062.1875,274640896,,,,
2024-11-10 12:04:00+00:00,80038.51563,80038.51563,80038.51563,80038.51563,80038.51563,65376256,,,,
2024-11-10 12:05:00+00:00,79985.36719,79985.36719,79985.36719,79985.36719,79985.36719,246542336,,,,
2024-11-10 12:06:00+00:00,80041.83594,80041.83594,80041.83594,80041.83594,80041.83594,57348096,,,,
2024-11-10 12:07:00+00:00,79981.0625,79981.0625,79981.0625,79981.0625,79981.0625,203472896,,,,
2024-11-10 12:08:00+00:00,79952.65625,79952.65625,79952.65625,79952.65625,79952.65625,0,,,,
2024-11-10 12:10:00+00:00,79550.20313,79550.20313,79550.20313,79550.20313,79550.20313,40591360,,,,
2024-11-10 12:12:00+00:00,79713.00781,79713.00781,79713.00781,79713.00781,79713.00781,186335232,,,,
2024-11-10 12:14:00+00:00,79371.75,79371.75,79371.75,79371.75,79371.75,248152064,,,,
2024-11-10 12:16:00+00:00,79404.48438,79404.48438,79404.48438,79404.48438,79404.48438,95150080,,,,
2024-11-10 12:17:00+00:00,79558.78906,79558.78906,79558.78906,79558.78906,79558.78906,87678976,,,,
2024-11-10 12:18:00+00:00,79588.4375,79588.4375,79588.4375,79588.4375,79588.4375,176394240,,,,
2024-11-10 12:19:00+00:00,79538.33594,79538.33594,79538.33594,79538.33594,79538.33594,18182144,,,,
2024-11-10 12:20:00+00:00,79526.08594,79526.08594,79526.08594,79526.08594,79526.08594,176828416,,,,
2024-11-10 12:22:00+00:00,79459.70313,79459.70313,79459.70313,79459.70313,79459.70313,42651648,,,,
2024-11-10 12:24:00+00:00,79455.16406,79455.16406,79455.16406,79455.16406,79455.16406,69382144,,,,
2024-11-10 12:25:00+00:00,79502.5625,79502.5625,79502.5625,79502.5625,79502.5625,59518976,,,,
2024-11-10 12:26:00+00:00,79525.39844,79525.39844,79525.39844,79525.39844,79525.39844,59318272,,,,
2024-11-10 12:28:00+00:00,79396.08594,79396.08594,79396.08594,79396.08594,79396.08594,31432704,,,,
2024-11-10 12:30:00+00:00,79348.47656,79348.47656,79348.47656,79348.47656,79348.47656,89001984,,,,
2024-11-10 12:33:00+00:00,79388.83594,79388.83594,79388.83594,79388.83594,79388.83594,257282048,,,,
2024-11-10 12:34:00+00:00,79392.70313,79392.70313,79392.70313,79392.70313,79392.70313,10039296,,,,
2024-11-10 12:36:00+00:00,79433.92188,79433.92188,79433.92188,79433.92188,79433.92188,159715328,,,,
2024-11-10 12:38:00+00:00,79402.41406,79402.41406,79402.41406,79402.41406,79402.41406,120909824,,,,
2024-11-10 12:40:00+00:00,79377.13281,79377.13281,79377.13281,79377.13281,79377.13281,7376896,,,,
2024-11-10 12:41:00+00:00,79402.79688,79402.79688,79402.79688,79402.79688,79402.79688,93986816,,,,
2024-11-10 12:42:00+00:00,79415.67188,79415.67188,79415.67188,79415.67188,79415.67188,10637312,,,,
2024-11-10 12:43:00+00:00,79444.4375,79444.4375,79444.4375,79444.4375,79444.4375,8327168,,,,
2024-11-10 12:44:00+00:00,79452.98438,79452.98438,79452.98438,79452.98438,79452.98438,29745152,,,,
2024-11-10 12:46:00+00:00,79455.09375,79455.09375,79455.09375,79455.09375,79455.09375,45821952,,,,
2024-11-10 12:48:00+00:00,79428.40625,79428.40625,79428.40625,79428.40625,79428.40625,124383232,,,,
2024-11-10 12:49:00+00:00,79420.94531,79420.94531,79420.94531,79420.94531,79420.94531,4579328,,,,
2024-11-10 12:50:00+00:00,79591.96094,79591.96094,79591.96094,79591.96094,79591.96094,24879104,,,,
2024-11-10 12:52:00+00:00,79596.09375,79596.09375,79596.09375,79596.09375,79596.09375,115240960,,,,
2024-11-10 12:53:00+00:00,79681.89844,79681.89844,79681.89844,79681.89844,79681.89844,106819584,,,,
2024-11-10 12:54:00+00:00,79699.5625,79699.5625,79699.5625,79699.5625,79699.5625,0,,,,
2024-11-10 12:55:00+00:00,79670.1875,79670.1875,79670.1875,79670.1875,79670.1875,3051520,,,,
2024-11-10 12:56:00+00:00,79662.28125,79662.28125,79662.28125,79662.28125,79662.28125,123957248,,,,
2024-11-10 12:59:00+00:00,79643.50781,79643.50781,79643.50781,79643.50781,79643.50781,102465536,,,,
2024-11-10 13:00:00+00:00,79686.45313,79686.45313,79686.45313,79686.45313,79686.45313,1077248,,,,
2024-11-10 13:01:00+00:00,79666.8125,79666.8125,79666.8125,79666.8125,79666.8125,0,,,,
2024-11-10 13:02:00+00:00,79657.41406,79657.41406,79657.41406,79657.41406,79657.41406,0,,,,
2024-11-10 13:04:00+00:00,79695.74219,79695.74219,79695.74219,79695.74219,79695.74219,6504448,,,,
2024-11-10 13:05:00+00:00,79731.74219,79731.74219,79731.74219,79731.74219,79731.74219,75370496,,,,
2024-11-10 13:06:00+00:00,79706.69531,79706.69531,79706.69531,79706.69531,79706.69531,905216,,,,
2024-11-10 13:07:00+00:00,79712.89844,79712.89844,79712.89844,79712.89844,79712.89844,27299840,,,,
2024-11-10 13:08:00+00:00,79685.92188,79685.92188,79685.92188,79685.92188,79685.92188,74973184,,,,
2024-11-10 13:10:00+00:00,79723.625,79723.625,79723.625,79723.625,79723.625,5734400,,,,
2024-11-10 13:12:00+00:00,79675.20313,79675.20313,79675.20313,79675.20313,79675.20313,163037184,,,,
2024-11-10 13:14:00+00:00,79599.19531,79599.19531,79599.19531,79599.19531,79599.19531,71622656,,,,
2024-11-10 13:17:00+00:00,79623.59375,79623.59375,79623.59375,79623.59375,79623.59375,103653376,,,,
2024-11-10 13:18:00+00:00,79635.00781,79635.00781,79635.00781,79635.00781,79635.00781,9916416,,,,
2024-11-10 13:20:00+00:00,79707.34375,79707.34375,79707.34375,79707.34375,79707.34375,42455040,,,,
2024-11-10 13:22:00+00:00,79801.28906,79801.28906,79801.28906,79801.28906,79801.28906,36306944,,,,
2024-11-10 13:25:00+00:00,79811.39063,79811.39063,79811.39063,79811.39063,79811.39063,124801024,,,,
2024-11-10 13:27:00+00:00,79808.25781,79808.25781,79808.25781,79808.25781,79808.25781,90050560,,,,
2024-11-10 13:28:00+00:00,79837.02344,79837.02344,79837.02344,79837.02344,79837.02344,7331840,,,,
2024-11-10 13:29:00+00:00,79861.70313,79861.70313,79861.70313,79861.70313,79861.70313,85942272,,,,
2024-11-10 13:31:00+00:00,79912.30469,79912.30469,79912.30469,79912.30469,79912.30469,27799552,,,,
2024-11-10 13:32:00+00:00,79891.75781,79891.75781,79891.75781,79891.75781,79891.75781,22106112,,,,
2024-11-10 13:34:00+00:00,79847.92188,79847.92188,79847.92188,79847.92188,79847.92188,346484736,,,,
2024-11-10 13:36:00+00:00,79786.41406,79786.41406,79786.41406,79786.41406,79786.41406,147193856,,,,
2024-11-10 13:37:00+00:00,79809.67188,79809.67188,79809.67188,79809.67188,79809.67188,85819392,,,,
2024-11-10 13:38:00+00:00,79811.28906,79811.28906,79811.28906,79811.28906,79811.28906,0,,,,
2024-11-10 13:40:00+00:00,79782.00781,79782.00781,79782.00781,79782.00781,79782.00781,3874816,,,,
2024-11-10 13:41:00+00:00,79783.85938,79783.85938,79783.85938,79783.85938,79783.85938,54706176,,,,
2024-11-10 13:42:00+00:00,79808.83594,79808.83594,79808.83594,79808.83594,79808.83594,8450048,,,,
2024-11-10 13:43:00+00:00,79806.95313,79806.95313,79806.95313,79806.95313,79806.95313,0,,,,
2024-11-10 13:44:00+00:00,79830.41406,79830.41406,79830.41406,79830.41406,79830.41406,9973760,,,,
2024-11-10 13:46:00+00:00,79775.14063,79775.14063,79775.14063,79775.14063,79775.14063,12095488,,,,
2024-11-10 13:48:00+00:00,79777.90625,79777.90625,79777.90625,79777.90625,79777.90625,8876032,,,,
2024-11-10 13:49:00+00:00,79783.88281,79783.88281,79783.88281,79783.88281,79783.88281,11505664,,,,
2024-11-10 13:50:00+00:00,79792.91406,79792.91406,79792.91406,79792.91406,79792.91406,225275904,,,,
2024-11-10 13:52:00+00:00,79766.3125,79766.3125,79766.3125,79766.3125,79766.3125,4931584,,,,
2024-11-10 13:53:00+00:00,79799.76563,79799.76563,79799.76563,79799.76563,79799.76563,3702784,,,,
2024-11-10 13:54:00+00:00,79800.65625,79800.65625,79800.65625,79800.65625,79800.65625,72491008,,,,
2024-11-10 13:55:00+00:00,79782.35938,79782.35938,79782.35938,79782.35938,79782.35938,50249728,,,,
2024-11-10 13:56:00+00:00,79769.40625,79769.40625,79769.40625,79769.40625,79769.40625,4874240,,,,
2024-11-10 13:58:00+00:00,79799.02344,79799.02344,79799.02344,79799.02344,79799.02344,12902400,,,,
2024-11-10 14:00:00+00:00,79777.89844,79777.89844,79777.89844,79777.89844,79777.89844,27389952,,,,
2024-11-10 14:02:00+00:00,79689.07813,79689.07813,79689.07813,79689.07813,79689.07813,141082624,,,,
2024-11-10 14:04:00+00:00,79700.55469,79700.55469,79700.55469,79700.55469,79700.55469,7303168,,,,
2024-11-10 14:05:00+00:00,79653.28906,79653.28906,79653.28906,79653.28906,79653.28906,32825344,,,,
2024-11-10 14:06:00+00:00,79669.44531,79669.44531,79669.44531,79669.44531,79669.44531,0,,,,
2024-11-10 14:08:00+00:00,79674.1875,79674.1875,79674.1875,79674.1875,79674.1875,9740288,,,,
2024-11-10 14:11:00+00:00,79766.9375,79766.9375,79766.9375,79766.9375,79766.9375,21557248,,,,
2024-11-10 14:12:00+00:00,79819.90625,79819.90625,79819.90625,79819.90625,79819.90625,5595136,,,,
2024-11-10 14:14:00+00:00,79895.96094,79895.96094,79895.96094,79895.96094,79895.96094,75354112,,,,
2024-11-10 14:16:00+00:00,79863.82813,79863.82813,79863.82813,79863.82813,79863.82813,15425536,,,,
2024-11-10 14:17:00+00:00,79830.53125,79830.53125,79830.53125,79830.53125,79830.53125,60723200,,,,
2024-11-10 14:18:00+00:00,79852.00781,79852.00781,79852.00781,79852.00781,79852.00781,5787648,,,,
2024-11-10 14:19:00+00:00,79901.11719,79901.11719,79901.11719,79901.11719,79901.11719,2818048,,,,
2024-11-10 14:20:00+00:00,79904.33594,79904.33594,79904.33594,79904.33594,79904.33594,80523264,,,,
2024-11-10 14:22:00+00:00,79952.77344,79952.77344,79952.77344,79952.77344,79952.77344,25739264,,,,
2024-11-10 14:24:00+00:00,79924.76563,79924.76563,79924.76563,79924.76563,79924.76563,92307456,,,,
2024-11-10 14:26:00+00:00,79857.02344,79857.02344,79857.02344,79857.02344,79857.02344,113713152,,,,
2024-11-10 14:28:00+00:00,79875.125,79875.125,79875.125,79875.125,79875.125,16506880,,,,
2024-11-10 14:29:00+00:00,79864.67188,79864.67188,79864.67188,79864.67188,79864.67188,143937536,,,,
2024-11-10 14:30:00+00:00,79813.78125,79813.78125,79813.78125,79813.78125,79813.78125,15749120,,,,
2024-11-10 14:32:00+00:00,79819.375,79819.375,79819.375,79819.375,79819.375,32432128,,,,
2024-11-10 14:34:00+00:00,79714.32031,79714.32031,79714.32031,79714.32031,79714.32031,30519296,,,,
2024-11-10 14:36:00+00:00,79598.35156,79598.35156,79598.35156,79598.35156,79598.35156,20168704,,,,
2024-11-10 14:37:00+00:00,79507.55469,79507.55469,79507.55469,79507.55469,79507.55469,10788864,,,,
2024-11-10 14:38:00+00:00,79420.28125,79420.28125,79420.28125,79420.28125,79420.28125,69644288,,,,
2024-11-10 14:40:00+00:00,79551.29688,79551.29688,79551.29688,79551.29688,79551.29688,134848512,,,,
2024-11-10 14:42:00+00:00,79456.46094,79456.46094,79456.46094,79456.46094,79456.46094,22704128,,,,
2024-11-10 14:43:00+00:00,79480.30469,79480.30469,79480.30469,79480.30469,79480.30469,0,,,,
2024-11-10 14:44:00+00:00,79481.59375,79481.59375,79481.59375,79481.59375,79481.59375,20377600,,,,
2024-11-10 14:46:00+00:00,79332.44531,79332.44531,79332.44531,79332.44531,79332.44531,226406400,,,,
2024-11-10 14:48:00+00:00,79324.53125,79324.53125,79324.53125,79324.53125,79324.53125,25092096,,,,
2024-11-10 14:50:00+00:00,79351.40625,79351.40625,79351.40625,79351.40625,79351.40625,205385728,,,,
2024-11-10 14:52:00+00:00,79373.84375,79373.84375,79373.84375,79373.84375,79373.84375,173342720,,,,
2024-11-10 14:53:00+00:00,79330.28906,79330.28906,79330.28906,79330.28906,79330.28906,74981376,,,,
2024-11-10 14:54:00+00:00,79286.05469,79286.05469,79286.05469,79286.05469,79286.05469,11694080,,,,
2024-11-10 14:56:00+00:00,79393.92969,79393.92969,79393.92969,79393.92969,79393.92969,119013376,,,,
2024-11-10 14:58:00+00:00,79625.88281,79625.88281,79625.88281,79625.88281,79625.88281,66777088,,,,
2024-11-10 15:00:00+00:00,79567.38281,79567.38281,79567.38281,79567.38281,79567.38281,265375744,,,,
2024-11-10 15:03:00+00:00,79512.89063,79512.89063,79512.89063,79512.89063,79512.89063,60076032,,,,
2024-11-10 15:04:00+00:00,79511.78125,79511.78125,79511.78125,79511.78125,79511.78125,18403328,,,,
2024-11-10 15:05:00+00:00,79557.42969,79557.42969,79557.42969,79557.42969,79557.42969,67571712,,,,
2024-11-10 15:06:00+00:00,79561.01563,79561.01563,79561.01563,79561.01563,79561.01563,0,,,,
2024-11-10 15:09:00+00:00,79579.60156,79579.60156,79579.60156,79579.60156,79579.60156,139218944,,,,
2024-11-10 15:10:00+00:00,79600.40625,79600.40625,79600.40625,79600.40625,79600.40625,0,,,,
2024-11-10 15:12:00+00:00,79654.84375,79654.84375,79654.84375,79654.84375,79654.84375,39432192,,,,
2024-11-10 15:14:00+00:00,79683.25,79683.25,79683.25,79683.25,79683.25,4538368,,,,
2024-11-10 15:17:00+00:00,79794.84375,79794.84375,79794.84375,79794.84375,79794.84375,138321920,,,,
2024-11-10 15:18:00+00:00,79691.14063,79691.14063,79691.14063,79691.14063,79691.14063,19283968,,,,
2024-11-10 15:20:00+00:00,79708.67188,79708.67188,79708.67188,79708.67188,79708.67188,125276160,,,,
2024-11-10 15:22:00+00:00,79710.75,79710.75,79710.75,79710.75,79710.75,23482368,,,,
2024-11-10 15:24:00+00:00,79648.6875,79648.6875,79648.6875,79648.6875,79648.6875,61304832,,,,
2024-11-10 15:26:00+00:00,79520.26563,79520.26563,79520.26563,79520.26563,79520.26563,53026816,,,,
2024-11-10 15:29:00+00:00,79600.92188,79600.92188,79600.92188,79600.92188,79600.92188,130895872,,,,
2024-11-10 15:30:00+00:00,79640.13281,79640.13281,79640.13281,79640.13281,79640.13281,15159296,,,,
2024-11-10 15:32:00+00:00,79627,79627,79627,79627,79627,113786880,,,,
2024-11-10 15:34:00+00:00,79609.47656,79609.47656,79609.47656,79609.47656,79609.47656,5668864,,,,
2024-11-10 15:35:00+00:00,79612.13281,79612.13281,79612.13281,79612.13281,79612.13281,43446272,,,,
2024-11-10 15:36:00+00:00,79616.60938,79616.60938,79616.60938,79616.60938,79616.60938,6791168,,,,
2024-11-10 15:37:00+00:00,79628.49219,79628.49219,79628.49219,79628.49219,79628.49219,22142976,,,,
2024-11-10 15:38:00+00:00,79691.55469,79691.55469,79691.55469,79691.55469,79691.55469,27156480,,,,
2024-11-10 15:40:00+00:00,79715.27344,79715.27344,79715.27344,79715.27344,79715.27344,46559232,,,,
2024-11-10 15:41:00+00:00,79716.07031,79716.07031,79716.07031,79716.07031,79716.07031,108965888,,,,
2024-11-10 15:43:00+00:00,79742.8125,79742.8125,79742.8125,79742.8125,79742.8125,6406144,,,,
2024-11-10 15:44:00+00:00,79706.91406,79706.91406,79706.91406,79706.91406,79706.91406,87138304,,,,
2024-11-10 15:46:00+00:00,79764.72656,79764.72656,79764.72656,79764.72656,79764.72656,17735680,,,,
2024-11-10 15:47:00+00:00,79755.89844,79755.89844,79755.89844,79755.89844,79755.89844,72560640,,,,
2024-11-10 15:48:00+00:00,79763.71875,79763.71875,79763.71875,79763.71875,79763.71875,54059008,,,,
2024-11-10 15:50:00+00:00,79746.10938,79746.10938,79746.10938,79746.10938,79746.10938,81354752,,,,
2024-11-10 15:52:00+00:00,79720.85156,79720.85156,79720.85156,79720.85156,79720.85156,8683520,,,,
2024-11-10 15:53:00+00:00,79724.94531,79724.94531,79724.94531,79724.94531,79724.94531,96354304,,,,
2024-11-10 15:54:00+00:00,79726.97656,79726.97656,79726.97656,79726.97656,79726.97656,7516160,,,,
2024-11-10 15:56:00+00:00,79714.82031,79714.82031,79714.82031,79714.82031,79714.82031,18489344,,,,
2024-11-10 15:58:00+00:00,79729.9375,79729.9375,79729.9375,79729.9375,79729.9375,7942144,,,,
2024-11-10 16:01:00+00:00,79748.5,79748.5,79748.5,79748.5,79748.5,46014464,,,,
2024-11-10 16:02:00+00:00,79787.58594,79787.58594,79787.58594,79787.58594,79787.58594,0,,,,
2024-11-10 16:04:00+00:00,79723.5,79723.5,79723.5,79723.5,79723.5,12509184,,,,
2024-11-10 16:05:00+00:00,79713.47656,79713.47656,79713.47656,79713.47656,79713.47656,49348608,,,,
2024-11-10 16:06:00+00:00,79681.39844,79681.39844,79681.39844,79681.39844,79681.39844,2801664,,,,
2024-11-10 16:08:00+00:00,79669.44531,79669.44531,79669.44531,79669.44531,79669.44531,37486592,,,,
2024-11-10 16:10:00+00:00,79641.72656,79641.72656,79641.72656,79641.72656,79641.72656,14721024,,,,
2024-11-10 16:11:00+00:00,79666.35156,79666.35156,79666.35156,79666.35156,79666.35156,72568832,,,,
2024-11-10 16:12:00+00:00,79653.85156,79653.85156,79653.85156,79653.85156,79653.85156,6152192,,,,
2024-11-10 16:13:00+00:00,79658.22656,79658.22656,79658.22656,79658.22656,79658.22656,0,,,,
2024-11-10 16:14:00+00:00,79742.25781,79742.25781,79742.25781,79742.25781,79742.25781,23564288,,,,
2024-11-10 16:16:00+00:00,79683.92969,79683.92969,79683.92969,79683.92969,79683.92969,25268224,,,,
2024-11-10 16:17:00+00:00,79630.95313,79630.95313,79630.95313,79630.95313,79630.95313,0,,,,
2024-11-10 16:18:00+00:00,79650.34375,79650.34375,79650.34375,79650.34375,79650.34375,2179072,,,,
2024-11-10 16:19:00+00:00,79622.53906,79622.53906,79622.53906,79622.53906,79622.53906,0,,,,
2024-11-10 16:20:00+00:00,79611.375,79611.375,79611.375,79611.375,79611.375,0,,,,
2024-11-10 16:22:00+00:00,79585.41406,79585.41406,79585.41406,79585.41406,79585.41406,0,,,,
2024-11-10 16:24:00+00:00,79564.96094,79564.96094,79564.96094,79564.96094,79564.96094,0,,,,
2024-11-10 16:25:00+00:00,79629.85938,79629.85938,79629.85938,79629.85938,79629.85938,0,,,,
2024-11-10 16:26:00+00:00,79655.97656,79655.97656,79655.97656,79655.97656,79655.97656,94208,,,,
2024-11-10 16:29:00+00:00,79690.38281,79690.38281,79690.38281,79690.38281,79690.38281,0,,,,
2024-11-10 16:30:00+00:00,79710.3125,79710.3125,79710.3125,79710.3125,79710.3125,0,,,,
2024-11-10 16:31:00+00:00,79775.88281,79775.88281,79775.88281,79775.88281,79775.88281,19099648,,,,
2024-11-10 16:32:00+00:00,79814.67188,79814.67188,79814.67188,79814.67188,79814.67188,0,,,,
2024-11-10 16:34:00+00:00,79792.15625,79792.15625,79792.15625,79792.15625,79792.15625,32616448,,,,
2024-11-10 16:36:00+00:00,79785.11719,79785.11719,79785.11719,79785.11719,79785.11719,65982464,,,,
2024-11-10 16:37:00+00:00,79798.79688,79798.79688,79798.79688,79798.79688,79798.79688,50647040,,,,
2024-11-10 16:38:00+00:00,79802.57813,79802.57813,79802.57813,79802.57813,79802.57813,25219072,,,,
2024-11-10 16:40:00+00:00,79803.36719,79803.36719,79803.36719,79803.36719,79803.36719,15925248,,,,
2024-11-10 16:41:00+00:00,79798.89063,79798.89063,79798.89063,79798.89063,79798.89063,45105152,,,,
2024-11-10 16:42:00+00:00,79803.10156,79803.10156,79803.10156,79803.10156,79803.10156,0,,,,
2024-11-10 16:43:00+00:00,79824.57031,79824.57031,79824.57031,79824.57031,79824.57031,3399680,,,,
2024-11-10 16:44:00+00:00,79826.44531,79826.44531,79826.44531,79826.44531,79826.44531,36802560,,,,
2024-11-10 16:46:00+00:00,79835.47656,79835.47656,79835.47656,79835.47656,79835.47656,14585856,,,,
2024-11-10 16:48:00+00:00,79803.28125,79803.28125,79803.28125,79803.28125,79803.28125,73961472,,,,
2024-11-10 16:49:00+00:00,79797.07031,79797.07031,79797.07031,79797.07031,79797.07031,1789952,,,,
2024-11-10 16:50:00+00:00,79727.74219,79727.74219,79727.74219,79727.74219,79727.74219,6672384,,,,
2024-11-10 16:53:00+00:00,79752.14063,79752.14063,79752.14063,79752.14063,79752.14063,14831616,,,,
2024-11-10 16:54:00+00:00,79755.92188,79755.92188,79755.92188,79755.92188,79755.92188,15642624,,,,
2024-11-10 16:55:00+00:00,79772.125,79772.125,79772.125,79772.125,79772.125,0,,,,
2024-11-10 16:56:00+00:00,79775.54688,79775.54688,79775.54688,79775.54688,79775.54688,8798208,,,,
2024-11-10 16:59:00+00:00,79785.53906,79785.53906,79785.53906,79785.53906,79785.53906,42299392,,,,
2024-11-10 17:02:00+00:00,79816.40625,79816.40625,79816.40625,79816.40625,79816.40625,0,,,,
2024-11-10 17:04:00+00:00,79810.66406,79810.66406,79810.66406,79810.66406,79810.66406,491520,,,,
2024-11-10 17:05:00+00:00,79811.39844,79811.39844,79811.39844,79811.39844,79811.39844,2097152,,,,
2024-11-10 17:06:00+00:00,79808.90625,79808.90625,79808.90625,79808.90625,79808.90625,2621440,,,,
2024-11-10 17:08:00+00:00,79798.85938,79798.85938,79798.85938,79798.85938,79798.85938,5877760,,,,
2024-11-10 17:10:00+00:00,79792.67969,79792.67969,79792.67969,79792.67969,79792.67969,0,,,,
2024-11-10 17:12:00+00:00,79773.29688,79773.29688,79773.29688,79773.29688,79773.29688,0,,,,
2024-11-10 17:14:00+00:00,79750.86719,79750.86719,79750.86719,79750.86719,79750.86719,0,,,,
2024-11-10 17:16:00+00:00,79752.24219,79752.24219,79752.24219,79752.24219,79752.24219,0,,,,
2024-11-10 17:17:00+00:00,79725.76563,79725.76563,79725.76563,79725.76563,79725.76563,0,,,,
2024-11-10 17:18:00+00:00,79737.42188,79737.42188,79737.42188,79737.42188,79737.42188,0,,,,
2024-11-10 17:20:00+00:00,79775.34375,79775.34375,79775.34375,79775.34375,79775.34375,0,,,,
2024-11-10 17:22:00+00:00,79819.0625,79819.0625,79819.0625,79819.0625,79819.0625,0,,,,
2024-11-10 17:24:00+00:00,79803.375,79803.375,79803.375,79803.375,79803.375,0,,,,
2024-11-10 17:26:00+00:00,79780.33594,79780.33594,79780.33594,79780.33594,79780.33594,0,,,,
2024-11-10 17:28:00+00:00,79817.26563,79817.26563,79817.26563,79817.26563,79817.26563,0,,,,
2024-11-10 17:29:00+00:00,79826.25,79826.25,79826.25,79826.25,79826.25,0,,,,
2024-11-10 17:30:00+00:00,79835.25,79835.25,79835.25,79835.25,79835.25,0,,,,
2024-11-10 17:31:00+00:00,79861.23438,79861.23438,79861.23438,79861.23438,79861.23438,2007040,,,,
2024-11-10 17:32:00+00:00,79892.44531,79892.44531,79892.44531,79892.44531,79892.44531,0,,,,
2024-11-10 17:34:00+00:00,79952.03125,79952.03125,79952.03125,79952.03125,79952.03125,38785024,,,,
2024-11-10 17:36:00+00:00,79966.01563,79966.01563,79966.01563,79966.01563,79966.01563,83951616,,,,
2024-11-10 17:37:00+00:00,79956.97656,79956.97656,79956.97656,79956.97656,79956.97656,11182080,,,,
2024-11-10 17:38:00+00:00,80030.40625,80030.40625,80030.40625,80030.40625,80030.40625,71307264,,,,
2024-11-10 17:40:00+00:00,80281.09375,80281.09375,80281.09375,80281.09375,80281.09375,21258240,,,,
2024-11-10 17:41:00+00:00,80243.32813,80243.32813,80243.32813,80243.32813,80243.32813,458399744,,,,
2024-11-10 17:42:00+00:00,80259.10938,80259.10938,80259.10938,80259.10938,80259.10938,34762752,,,,
2024-11-10 17:43:00+00:00,80316.21875,80316.21875,80316.21875,80316.21875,80316.21875,634880,,,,
2024-11-10 17:44:00+00:00,80298.79688,80298.79688,80298.79688,80298.79688,80298.79688,346570752,,,,
2024-11-10 17:46:00+00:00,80191.33594,80191.33594,80191.33594,80191.33594,80191.33594,9662464,,,,
2024-11-10 17:48:00+00:00,80278.4375,80278.4375,80278.4375,80278.4375,80278.4375,289665024,,,,
2024-11-10 17:50:00+00:00,80297.94531,80297.94531,80297.94531,80297.94531,80297.94531,0,,,,
2024-11-10 17:52:00+00:00,80634.71875,80634.71875,80634.71875,80634.71875,80634.71875,240836608,,,,
2024-11-10 17:53:00+00:00,80583.92188,80583.92188,80583.92188,80583.92188,80583.92188,224763904,,,,
2024-11-10 17:54:00+00:00,80684.625,80684.625,80684.625,80684.625,80684.625,10727424,,,,
2024-11-10 17:56:00+00:00,80620.27344,80620.27344,80620.27344,80620.27344,80620.27344,493580288,,,,
2024-11-10 17:58:00+00:00,80568.30469,80568.30469,80568.30469,80568.30469,80568.30469,61902848,,,,
2024-11-10 18:00:00+00:00,80443.29688,80443.29688,80443.29688,80443.29688,80443.29688,322850816,,,,
2024-11-10 18:02:00+00:00,80536.86719,80536.86719,80536.86719,80536.86719,80536.86719,198729728,,,,
2024-11-10 18:05:00+00:00,80675.86719,80675.86719,80675.86719,80675.86719,80675.86719,187084800,,,,
2024-11-10 18:06:00+00:00,80614.04688,80614.04688,80614.04688,80614.04688,80614.04688,29192192,,,,
2024-11-10 18:08:00+00:00,80801.64063,80801.64063,80801.64063,80801.64063,80801.64063,148295680,,,,
2024-11-10 18:10:00+00:00,80881.39063,80881.39063,80881.39063,80881.39063,80881.39063,80461824,,,,
2024-11-10 18:13:00+00:00,80909.07813,80909.07813,80909.07813,80909.07813,80909.07813,425844736,,,,
2024-11-10 18:14:00+00:00,80854.72656,80854.72656,80854.72656,80854.72656,80854.72656,147279872,,,,
2024-11-10 18:17:00+00:00,80907.48438,80907.48438,80907.48438,80907.48438,80907.48438,203788288,,,,
2024-11-10 18:18:00+00:00,80948.92188,80948.92188,80948.92188,80948.92188,80948.92188,23375872,,,,
2024-11-10 18:20:00+00:00,80718.82813,80718.82813,80718.82813,80718.82813,80718.82813,203501568,,,,
2024-11-10 18:23:00+00:00,80816.46875,80816.46875,80816.46875,80816.46875,80816.46875,195477504,,,,
2024-11-10 18:24:00+00:00,80805.41406,80805.41406,80805.41406,80805.41406,80805.41406,32464896,,,,
2024-11-10 18:25:00+00:00,80801.66406,80801.66406,80801.66406,80801.66406,80801.66406,0,,,,
2024-11-10 18:26:00+00:00,80820.25781,80820.25781,80820.25781,80820.25781,80820.25781,132349952,,,,
2024-11-10 18:28:00+00:00,81007.58594,81007.58594,81007.58594,81007.58594,81007.58594,20615168,,,,
2024-11-10 18:29:00+00:00,80963.85156,80963.85156,80963.85156,80963.85156,80963.85156,310497280,,,,
2024-11-10 18:30:00+00:00,80921.8125,80921.8125,80921.8125,80921.8125,80921.8125,1126400,,,,
2024-11-10 18:32:00+00:00,80863.875,80863.875,80863.875,80863.875,80863.875,377229312,,,,
2024-11-10 18:34:00+00:00,80903.22656,80903.22656,80903.22656,80903.22656,80903.22656,17547264,,,,
2024-11-10 18:36:00+00:00,80837.71875,80837.71875,80837.71875,80837.71875,80837.71875,208351232,,,,
2024-11-10 18:37:00+00:00,80896.58594,80896.58594,80896.58594,80896.58594,80896.58594,9142272,,,,
2024-11-10 18:38:00+00:00,80916.09375,80916.09375,80916.09375,80916.09375,80916.09375,218066944,,,,
2024-11-10 18:40:00+00:00,80891.51563,80891.51563,80891.51563,80891.51563,80891.51563,62361600,,,,
2024-11-10 18:41:00+00:00,80908.05469,80908.05469,80908.05469,80908.05469,80908.05469,98746368,,,,
2024-11-10 18:42:00+00:00,80866.72656,80866.72656,80866.72656,80866.72656,80866.72656,60260352,,,,
2024-11-10 18:44:00+00:00,80877.46875,80877.46875,80877.46875,80877.46875,80877.46875,108068864,,,,
2024-11-10 18:46:00+00:00,80786.01563,80786.01563,80786.01563,80786.01563,80786.01563,0,,,,
2024-11-10 18:48:00+00:00,80814.96875,80814.96875,80814.96875,80814.96875,80814.96875,174743552,,,,
2024-11-10 18:50:00+00:00,80855.82813,80855.82813,80855.82813,80855.82813,80855.82813,185499648,,,,
2024-11-10 18:52:00+00:00,80899.20313,80899.20313,80899.20313,80899.20313,80899.20313,29745152,,,,
2024-11-10 18:54:00+00:00,80828.39844,80828.39844,80828.39844,80828.39844,80828.39844,108732416,,,,
2024-11-10 18:56:00+00:00,80764.14844,80764.14844,80764.14844,80764.14844,80764.14844,38019072,,,,
2024-11-10 18:58:00+00:00,80676.72656,80676.72656,80676.72656,80676.72656,80676.72656,47308800,,,,
2024-11-10 19:00:00+00:00,80603.45313,80603.45313,80603.45313,80603.45313,80603.45313,167567360,,,,
2024-11-10 19:02:00+00:00,80701.52344,80701.52344,80701.52344,80701.52344,80701.52344,0,,,,
2024-11-10 19:04:00+00:00,80698.75,80698.75,80698.75,80698.75,80698.75,0,,,,
2024-11-10 19:05:00+00:00,80740.61719,80740.61719,80740.61719,80740.61719,80740.61719,0,,,,
2024-11-10 19:06:00+00:00,80803.69531,80803.69531,80803.69531,80803.69531,80803.69531,0,,,,
2024-11-10 19:08:00+00:00,80787.73438,80787.73438,80787.73438,80787.73438,80787.73438,0,,,,
2024-11-10 19:10:00+00:00,80835.79688,80835.79688,80835.79688,80835.79688,80835.79688,20168704,,,,
2024-11-10 19:12:00+00:00,80896.42188,80896.42188,80896.42188,80896.42188,80896.42188,42893312,,,,
2024-11-10 19:13:00+00:00,80876.85156,80876.85156,80876.85156,80876.85156,80876.85156,6799360,,,,
2024-11-10 19:14:00+00:00,80801.4375,80801.4375,80801.4375,80801.4375,80801.4375,57253888,,,,
2024-11-10 19:16:00+00:00,80662.23438,80662.23438,80662.23438,80662.23438,80662.23438,18341888,,,,
2024-11-10 19:17:00+00:00,80510.26563,80510.26563,80510.26563,80510.26563,80510.26563,17522688,,,,
2024-11-10 19:18:00+00:00,80483.85156,80483.85156,80483.85156,80483.85156,80483.85156,20955136,,,,
2024-11-10 19:21:00+00:00,80423.57813,80423.57813,80423.57813,80423.57813,80423.57813,93782016,,,,
2024-11-10 19:22:00+00:00,80402.24219,80402.24219,80402.24219,80402.24219,80402.24219,5971968,,,,
2024-11-10 19:24:00+00:00,80430.04688,80430.04688,80430.04688,80430.04688,80430.04688,78168064,,,,
2024-11-10 19:25:00+00:00,80488.14063,80488.14063,80488.14063,80488.14063,80488.14063,0,,,,
2024-11-10 19:26:00+00:00,80368.79688,80368.79688,80368.79688,80368.79688,80368.79688,22183936,,,,
2024-11-10 19:28:00+00:00,80320.42969,80320.42969,80320.42969,80320.42969,80320.42969,74448896,,,,
2024-11-10 19:29:00+00:00,80366.50781,80366.50781,80366.50781,80366.50781,80366.50781,0,,,,
2024-11-10 19:31:00+00:00,80417.14844,80417.14844,80417.14844,80417.14844,80417.14844,43810816,,,,
2024-11-10 19:32:00+00:00,80374.5625,80374.5625,80374.5625,80374.5625,80374.5625,99172352,,,,
2024-11-10 19:34:00+00:00,80356.90625,80356.90625,80356.90625,80356.90625,80356.90625,0,,,,
2024-11-10 19:36:00+00:00,80218.30469,80218.30469,80218.30469,80218.30469,80218.30469,15720448,,,,
2024-11-10 19:38:00+00:00,80332.53125,80332.53125,80332.53125,80332.53125,80332.53125,0,,,,
2024-11-10 19:40:00+00:00,80170.78125,80170.78125,80170.78125,80170.78125,80170.78125,25305088,,,,
2024-11-10 19:41:00+00:00,80231.01563,80231.01563,80231.01563,80231.01563,80231.01563,61841408,,,,
2024-11-10 19:42:00+00:00,80236.96875,80236.96875,80236.96875,80236.96875,80236.96875,31973376,,,,
2024-11-10 19:44:00+00:00,80201.67188,80201.67188,80201.67188,80201.67188,80201.67188,101261312,,,,
2024-11-10 19:47:00+00:00,79708.17188,79708.17188,79708.17188,79708.17188,79708.17188,159612928,,,,
2024-11-10 19:48:00+00:00,79464.29688,79464.29688,79464.29688,79464.29688,79464.29688,91652096,,,,
2024-11-10 19:50:00+00:00,79759.60938,79759.60938,79759.60938,79759.60938,79759.60938,289062912,,,,
2024-11-10 19:52:00+00:00,79753.28125,79753.28125,79753.28125,79753.28125,79753.28125,41107456,,,,
2024-11-10 19:53:00+00:00,79749.14844,79749.14844,79749.14844,79749.14844,79749.14844,89792512,,,,
2024-11-10 19:54:00+00:00,79848.78906,79848.78906,79848.78906,79848.78906,79848.78906,214876160,,,,
2024-11-10 19:56:00+00:00,79824.11719,79824.11719,79824.11719,79824.11719,79824.11719,315310080,,,,
2024-11-10 19:58:00+00:00,79661.71875,79661.71875,79661.71875,79661.71875,79661.71875,11960320,,,,
2024-11-10 20:00:00+00:00,79756.79688,79756.79688,79756.79688,79756.79688,79756.79688,126738432,,,,
2024-11-10 20:01:00+00:00,79768.46875,79768.46875,79768.46875,79768.46875,79768.46875,48635904,,,,
2024-11-10 20:02:00+00:00,79929.91406,79929.91406,79929.91406,79929.91406,79929.91406,72654848,,,,
2024-11-10 20:04:00+00:00,79828.53906,79828.53906,79828.53906,79828.53906,79828.53906,266895360,,,,
2024-11-10 20:05:00+00:00,79764.9375,79764.9375,79764.9375,79764.9375,79764.9375,0,,,,
2024-11-10 20:06:00+00:00,79750.9375,79750.9375,79750.9375,79750.9375,79750.9375,0,,,,
2024-11-10 20:08:00+00:00,79594.25781,79594.25781,79594.25781,79594.25781,79594.25781,120922112,,,,
2024-11-10 20:10:00+00:00,79522.42969,79522.42969,79522.42969,79522.42969,79522.42969,33021952,,,,
2024-11-10 20:12:00+00:00,79586.64063,79586.64063,79586.64063,79586.64063,79586.64063,131162112,,,,
2024-11-10 20:14:00+00:00,79513.32813,79513.32813,79513.32813,79513.32813,79513.32813,67788800,,,,
2024-11-10 20:16:00+00:00,79437.91406,79437.91406,79437.91406,79437.91406,79437.91406,22126592,,,,
2024-11-10 20:17:00+00:00,79342.10938,79342.10938,79342.10938,79342.10938,79342.10938,188915712,,,,
2024-11-10 20:19:00+00:00,79389.92188,79389.92188,79389.92188,79389.92188,79389.92188,0,,,,
2024-11-10 20:20:00+00:00,79410.76563,79410.76563,79410.76563,79410.76563,79410.76563,193249280,,,,
2024-11-10 20:22:00+00:00,79510.4375,79510.4375,79510.4375,79510.4375,79510.4375,14876672,,,,
2024-11-10 20:24:00+00:00,79516.53125,79516.53125,79516.53125,79516.53125,79516.53125,107290624,,,,
2024-11-10 20:27:00+00:00,79554.76563,79554.76563,79554.76563,79554.76563,79554.76563,108978176,,,,
2024-11-10 20:28:00+00:00,79567.71094,79567.71094,79567.71094,79567.71094,79567.71094,99065856,,,,
2024-11-10 20:29:00+00:00,79506.17969,79506.17969,79506.17969,79506.17969,79506.17969,0,,,,
2024-11-10 20:30:00+00:00,79520.19531,79520.19531,79520.19531,79520.19531,79520.19531,41361408,,,,
2024-11-10 20:32:00+00:00,79559.21094,79559.21094,79559.21094,79559.21094,79559.21094,130220032,,,,
2024-11-10 20:34:00+00:00,79580.15625,79580.15625,79580.15625,79580.15625,79580.15625,113401856,,,,
2024-11-10 20:37:00+00:00,79357.25,79357.25,79357.25,79357.25,79357.25,40484864,,,,
2024-11-10 20:38:00+00:00,79410.09375,79410.09375,79410.09375,79410.09375,79410.09375,93478912,,,,
2024-11-10 20:40:00+00:00,79284.15625,79284.15625,79284.15625,79284.15625,79284.15625,108978176,,,,
2024-11-10 20:41:00+00:00,79314.96094,79314.96094,79314.96094,79314.96094,79314.96094,291323904,,,,
2024-11-10 20:43:00+00:00,79236.00781,79236.00781,79236.00781,79236.00781,79236.00781,23445504,,,,
2024-11-10 20:44:00+00:00,79202.39063,79202.39063,79202.39063,79202.39063,79202.39063,128901120,,,,
2024-11-10 20:46:00+00:00,79332.60156,79332.60156,79332.60156,79332.60156,79332.60156,50413568,,,,
2024-11-10 20:48:00+00:00,79172.32813,79172.32813,79172.32813,79172.32813,79172.32813,216915968,,,,
2024-11-10 20:50:00+00:00,79274.42188,79274.42188,79274.42188,79274.42188,79274.42188,171270144,,,,
2024-11-10 20:52:00+00:00,79244.22656,79244.22656,79244.22656,79244.22656,79244.22656,13426688,,,,
2024-11-10 20:54:00+00:00,79164.30469,79164.30469,79164.30469,79164.30469,79164.30469,99631104,,,,
2024-11-10 20:56:00+00:00,79168.79688,79168.79688,79168.79688,79168.79688,79168.79688,130449408,,,,
2024-11-10 20:59:00+00:00,79063.09375,79063.09375,79063.09375,79063.09375,79063.09375,111386624,,,,
2024-11-10 21:01:00+00:00,79004.67188,79004.67188,79004.67188,79004.67188,79004.67188,116965376,,,,
2024-11-10 21:02:00+00:00,79050.89844,79050.89844,79050.89844,79050.89844,79050.89844,137854976,,,,
2024-11-10 21:04:00+00:00,78864.22656,78864.22656,78864.22656,78864.22656,78864.22656,20135936,,,,
2024-11-10 21:05:00+00:00,78874.35156,78874.35156,78874.35156,78874.35156,78874.35156,158941184,,,,
2024-11-10 21:06:00+00:00,78946.91406,78946.91406,78946.91406,78946.91406,78946.91406,23404544,,,,
2024-11-10 21:08:00+00:00,78857.53125,78857.53125,78857.53125,78857.53125,78857.53125,138297344,,,,
2024-11-10 21:10:00+00:00,78790.78125,78790.78125,78790.78125,78790.78125,78790.78125,130400256,,,,
2024-11-10 21:11:00+00:00,78757.17188,78757.17188,78757.17188,78757.17188,78757.17188,0,,,,
2024-11-10 21:12:00+00:00,78716.84375,78716.84375,78716.84375,78716.84375,78716.84375,16441344,,,,
2024-11-10 21:14:00+00:00,78762.33594,78762.33594,78762.33594,78762.33594,78762.33594,180649984,,,,
2024-11-10 21:16:00+00:00,79165.97656,79165.97656,79165.97656,79165.97656,79165.97656,79675392,,,,
2024-11-10 21:18:00+00:00,79290.07813,79290.07813,79290.07813,79290.07813,79290.07813,316014592,,,,
2024-11-10 21:20:00+00:00,79271.67969,79271.67969,79271.67969,79271.67969,79271.67969,157523968,,,,
2024-11-10 21:22:00+00:00,79312.78125,79312.78125,79312.78125,79312.78125,79312.78125,172867584,,,,
2024-11-10 21:24:00+00:00,79320.75,79320.75,79320.75,79320.75,79320.75,229744640,,,,
2024-11-10 21:26:00+00:00,79431.57813,79431.57813,79431.57813,79431.57813,79431.57813,78602240,,,,
2024-11-10 21:28:00+00:00,79481.90625,79481.90625,79481.90625,79481.90625,79481.90625,42786816,,,,
2024-11-10 21:29:00+00:00,79531.14844,79531.14844,79531.14844,79531.14844,79531.14844,197443584,,,,
2024-11-10 21:30:00+00:00,79602.85938,79602.85938,79602.85938,79602.85938,79602.85938,933888,,,,
2024-11-10 21:32:00+00:00,79600.03125,79600.03125,79600.03125,79600.03125,79600.03125,109510656,,,,
2024-11-10 21:34:00+00:00,79736.78906,79736.78906,79736.78906,79736.78906,79736.78906,22478848,,,,
2024-11-10 21:36:00+00:00,79602.28906,79602.28906,79602.28906,79602.28906,79602.28906,86089728,,,,
2024-11-10 21:37:00+00:00,79614.21094,79614.21094,79614.21094,79614.21094,79614.21094,0,,,,
2024-11-10 21:38:00+00:00,79520.28125,79520.28125,79520.28125,79520.28125,79520.28125,15777792,,,,
2024-11-10 21:40:00+00:00,79552.79688,79552.79688,79552.79688,79552.79688,79552.79688,58556416,,,,
2024-11-10 21:42:00+00:00,79678.84375,79678.84375,79678.84375,79678.84375,79678.84375,104775680,,,,
2024-11-10 21:44:00+00:00,79556.5625,79556.5625,79556.5625,79556.5625,79556.5625,33562624,,,,
2024-11-10 21:46:00+00:00,79679.86719,79679.86719,79679.86719,79679.86719,79679.86719,20135936,,,,
2024-11-10 21:48:00+00:00,79676.42969,79676.42969,79676.42969,79676.42969,79676.42969,103874560,,,,
2024-11-10 21:50:00+00:00,79719.41406,79719.41406,79719.41406,79719.41406,79719.41406,106102784,,,,
2024-11-10 21:52:00+00:00,79741.42188,79741.42188,79741.42188,79741.42188,79741.42188,13041664,,,,
2024-11-10 21:53:00+00:00,79864.74219,79864.74219,79864.74219,79864.74219,79864.74219,108568576,,,,
2024-11-10 21:54:00+00:00,79898.57813,79898.57813,79898.57813,79898.57813,79898.57813,14385152,,,,
2024-11-10 21:56:00+00:00,79894.35938,79894.35938,79894.35938,79894.35938,79894.35938,138477568,,,,
2024-11-10 21:58:00+00:00,79865.46875,79865.46875,79865.46875,79865.46875,79865.46875,45604864,,,,
2024-11-10 22:00:00+00:00,79925.03125,79925.03125,79925.03125,79925.03125,79925.03125,222928896,,,,
2024-11-10 22:02:00+00:00,79956.35938,79956.35938,79956.35938,79956.35938,79956.35938,126312448,,,,
2024-11-10 22:04:00+00:00,79909.9375,79909.9375,79909.9375,79909.9375,79909.9375,9822208,,,,
2024-11-10 22:05:00+00:00,79924.99219,79924.99219,79924.99219,79924.99219,79924.99219,21299200,,,,
2024-11-10 22:06:00+00:00,79924.64063,79924.64063,79924.64063,79924.64063,79924.64063,10125312,,,,
2024-11-10 22:08:00+00:00,80249.30469,80249.30469,80249.30469,80249.30469,80249.30469,56745984,,,,
2024-11-10 22:10:00+00:00,80306.01563,80306.01563,80306.01563,80306.01563,80306.01563,103940096,,,,
2024-11-10 22:12:00+00:00,80286.40625,80286.40625,80286.40625,80286.40625,80286.40625,263979008,,,,
2024-11-10 22:13:00+00:00,80332.66406,80332.66406,80332.66406,80332.66406,80332.66406,6569984,,,,
2024-11-10 22:14:00+00:00,80369.60938,80369.60938,80369.60938,80369.60938,80369.60938,27377664,,,,
2024-11-10 22:17:00+00:00,80814.23438,80814.23438,80814.23438,80814.23438,80814.23438,187129856,,,,
2024-11-10 22:18:00+00:00,80894.58594,80894.58594,80894.58594,80894.58594,80894.58594,153755648,,,,
2024-11-10 22:20:00+00:00,80808.6875,80808.6875,80808.6875,80808.6875,80808.6875,470712320,,,,
2024-11-10 22:22:00+00:00,80997.91406,80997.91406,80997.91406,80997.91406,80997.91406,32727040,,,,
2024-11-10 22:23:00+00:00,81456.67188,81456.67188,81456.67188,81456.67188,81456.67188,171532288,,,,
2024-11-10 22:24:00+00:00,81170.72656,81170.72656,81170.72656,81170.72656,81170.72656,5595136,,,,
2024-11-10 22:26:00+00:00,81242.45313,81242.45313,81242.45313,81242.45313,81242.45313,272580608,,,,
2024-11-10 22:28:00+00:00,81074.21875,81074.21875,81074.21875,81074.21875,81074.21875,375275520,,,,
2024-11-10 22:29:00+00:00,80919.29688,80919.29688,80919.29688,80919.29688,80919.29688,99803136,,,,
2024-11-10 22:31:00+00:00,81070.9375,81070.9375,81070.9375,81070.9375,81070.9375,360505344,,,,
2024-11-10 22:32:00+00:00,80981.89063,80981.89063,80981.89063,80981.89063,80981.89063,214597632,,,,
2024-11-10 22:34:00+00:00,80625.89063,80625.89063,80625.89063,80625.89063,80625.89063,79937536,,,,
2024-11-10 22:36:00+00:00,80465.85938,80465.85938,80465.85938,80465.85938,80465.85938,111042560,,,,
2024-11-10 22:37:00+00:00,80669.94531,80669.94531,80669.94531,80669.94531,80669.94531,10829824,,,,
2024-11-10 22:38:00+00:00,80712.08594,80712.08594,80712.08594,80712.08594,80712.08594,115638272,,,,
2024-11-10 22:40:00+00:00,80655.1875,80655.1875,80655.1875,80655.1875,80655.1875,14204928,,,,
2024-11-10 22:41:00+00:00,80574.26563,80574.26563,80574.26563,80574.26563,80574.26563,214491136,,,,
2024-11-10 22:42:00+00:00,80525.05469,80525.05469,80525.05469,80525.05469,80525.05469,0,,,,
2024-11-10 22:45:00+00:00,80450.03125,80450.03125,80450.03125,80450.03125,80450.03125,106717184,,,,
2024-11-10 22:46:00+00:00,80444.0625,80444.0625,80444.0625,80444.0625,80444.0625,0,,,,
2024-11-10 22:48:00+00:00,80280.55469,80280.55469,80280.55469,80280.55469,80280.55469,102014976,,,,
2024-11-10 22:50:00+00:00,80463.875,80463.875,80463.875,80463.875,80463.875,11157504,,,,
2024-11-10 22:52:00+00:00,80402.00781,80402.00781,80402.00781,80402.00781,80402.00781,26361856,,,,
2024-11-10 22:53:00+00:00,80491.54688,80491.54688,80491.54688,80491.54688,80491.54688,29032448,,,,
2024-11-10 22:54:00+00:00,80605.88281,80605.88281,80605.88281,80605.88281,80605.88281,0,,,,
2024-11-10 22:56:00+00:00,80653.41406,80653.41406,80653.41406,80653.41406,80653.41406,0,,,,
2024-11-10 22:58:00+00:00,80700.89844,80700.89844,80700.89844,80700.89844,80700.89844,13139968,,,,
2024-11-10 23:01:00+00:00,80385.39063,80385.39063,80385.39063,80385.39063,80385.39063,61128704,,,,
2024-11-10 23:02:00+00:00,80378.33594,80378.33594,80378.33594,80378.33594,80378.33594,11239424,,,,
2024-11-10 23:04:00+00:00,80345.02344,80345.02344,80345.02344,80345.02344,80345.02344,0,,,,
2024-11-10 23:05:00+00:00,80297.44531,80297.44531,80297.44531,80297.44531,80297.44531,0,,,,
2024-11-10 23:06:00+00:00,80375.03906,80375.03906,80375.03906,80375.03906,80375.03906,5791744,,,,
2024-11-10 23:08:00+00:00,80351.82813,80351.82813,80351.82813,80351.82813,80351.82813,29605888,,,,
2024-11-10 23:10:00+00:00,80244.04688,80244.04688,80244.04688,80244.04688,80244.04688,37363712,,,,
2024-11-10 23:12:00+00:00,80397.86719,80397.86719,80397.86719,80397.86719,80397.86719,0,,,,
2024-11-10 23:13:00+00:00,80390.55469,80390.55469,80390.55469,80390.55469,80390.55469,30416896,,,,
2024-11-10 23:15:00+00:00,80393.59375,80393.59375,80393.59375,80393.59375,80393.59375,78667776,,,,
2024-11-10 23:16:00+00:00,80493.01563,80493.01563,80493.01563,80493.01563,80493.01563,18604032,,,,
2024-11-10 23:17:00+00:00,80537.07031,80537.07031,80537.07031,80537.07031,80537.07031,24182784,,,,
2024-11-10 23:19:00+00:00,80547.58594,80547.58594,80547.58594,80547.58594,80547.58594,26066944,,,,
2024-11-10 23:20:00+00:00,80518.34375,80518.34375,80518.34375,80518.34375,80518.34375,46284800,,,,
2024-11-10 23:22:00+00:00,80580.70313,80580.70313,80580.70313,80580.70313,80580.70313,1785856,,,,
2024-11-10 23:24:00+00:00,80388.36719,80388.36719,80388.36719,80388.36719,80388.36719,0,,,,
2024-11-10 23:26:00+00:00,80385.80469,80385.80469,80385.80469,80385.80469,80385.80469,49217536,,,,
2024-11-10 23:28:00+00:00,80376.83594,80376.83594,80376.83594,80376.83594,80376.83594,0,,,,
2024-11-10 23:29:00+00:00,80371.34375,80371.34375,80371.34375,80371.34375,80371.34375,20045824,,,,
2024-11-10 23:30:00+00:00,80397.54688,80397.54688,80397.54688,80397.54688,80397.54688,0,,,,
2024-11-10 23:32:00+00:00,80325.96094,80325.96094,80325.96094,80325.96094,80325.96094,47308800,,,,
2024-11-10 23:34:00+00:00,80385.98438,80385.98438,80385.98438,80385.98438,80385.98438,0,,,,
2024-11-10 23:36:00+00:00,80524.71094,80524.71094,80524.71094,80524.71094,80524.71094,0,,,,
2024-11-10 23:37:00+00:00,80547.125,80547.125,80547.125,80547.125,80547.125,17735680,,,,
2024-11-10 23:38:00+00:00,80567.44531,80567.44531,80567.44531,80567.44531,80567.44531,27238400,,,,
2024-11-10 23:40:00+00:00,80282.26563,80282.26563,80282.26563,80282.26563,80282.26563,5210112,,,,
2024-11-10 23:41:00+00:00,80138.16406,80138.16406,80138.16406,80138.16406,80138.16406,72859648,,,,
2024-11-10 23:42:00+00:00,80178.96094,80178.96094,80178.96094,80178.96094,80178.96094,0,,,,
2024-11-10 23:44:00+00:00,80251.375,80251.375,80251.375,80251.375,80251.375,91889664,,,,
2024-11-10 23:46:00+00:00,80279.84375,80279.84375,80279.84375,80279.84375,80279.84375,2826240,,,,
2024-11-10 23:48:00+00:00,80339.5,80339.5,80339.5,80339.5,80339.5,71622656,,,,
2024-11-10 23:50:00+00:00,80370.21875,80370.21875,80370.21875,80370.21875,80370.21875,58318848,,,,
2024-11-10 23:52:00+00:00,80386.16406,80386.16406,80386.16406,80386.16406,80386.16406,34791424,,,,
2024-11-10 23:53:00+00:00,80408.39063,80408.39063,80408.39063,80408.39063,80408.39063,29843456,,,,
2024-11-10 23:54:00+00:00,80424.63281,80424.63281,80424.63281,80424.63281,80424.63281,0,,,,
2024-11-10 23:56:00+00:00,80429.95313,80429.95313,80429.95313,80429.95313,80429.95313,50233344,,,,
2024-11-10 23:58:00+00:00,80458.02344,80458.02344,80458.02344,80458.02344,80458.02344,0,,,,
